id,firstName,lastName,role,createdAt,updatedAt,isLoggedIn,accessToken
8fb66548-c4bd-4dbd-84e1-00921319ba74,Michael,Galvan,DEVELOPER,2020-01-08,2020-06-09,False,
eb12f0fd-ca70-4053-b4ae-3d66873530d4,Yolanda,Mcclure,USER,2020-12-04,2020-09-24,False,
f75c594e-efc8-4be5-be0e-f3e5517092d8,Dennis,Mendoza,ADMIN,2020-08-26,2020-03-03,False,
f2f19bc4-80d2-4072-ade5-c50e4f876163,Alicia,Ellis,DEVELOPER,2020-06-09,2020-10-26,False,
757a1254-0597-48c4-aff1-0ef068ba33c9,Mary,Gomez,USER,2020-03-04,2020-12-12,False,
43f26db5-5016-459a-a693-cafe618115a3,Douglas,Contreras,ADMIN,2020-09-05,2020-04-27,False,
4043f2fd-aa9d-4bcb-9f05-16e1fe22992c,Martin,Poole,ADMIN,2020-08-04,2020-01-18,False,
b969f1fc-0a8d-427a-8fac-9b0d5faf10b6,Paul,Wang,DEVELOPER,2020-02-27,2020-02-29,False,
2b8e0073-ff63-4d34-94ef-5185893b2dce,Mary,Gallagher,USER,2020-02-13,2020-10-14,False,
50da17a3-5e80-4ebd-bc91-daf399dd74f7,Jennifer,Gonzalez,USER,2020-05-16,2020-09-25,False,
1e33a4b2-d479-4c59-95d4-025e00ccb407,Steven,Wells,DEVELOPER,2020-05-21,2020-01-02,False,
8968d992-417e-4d52-ae64-e31141963710,Anne,Martin,USER,2020-03-24,2020-05-30,False,
967755cb-87c1-4a67-afb6-6dd96b060fb3,Derrick,Reyes,ADMIN,2020-10-09,2020-06-04,False,
ec025a4a-0cae-4df9-ab9d-c5f610938ce8,David,Costa,DEVELOPER,2020-09-28,2020-09-29,False,
25cb6ea8-3312-46a8-a3b9-3e4da65cb1c8,Alison,Murray,ADMIN,2020-02-09,2020-09-05,False,
d25be676-5a06-477e-9374-a1f91aaabc1a,Amanda,Joseph,ADMIN,2020-07-05,2020-03-19,False,
83c3ddff-e0d0-4ed7-87bb-50d8bb3c2ee2,Taylor,Curtis,DEVELOPER,2020-05-04,2020-04-20,False,
50e46870-ca9e-4beb-a511-3d153e9ae19e,Shannon,Osborne,DEVELOPER,2020-04-12,2020-09-14,False,
d49d364a-7808-4413-b65b-5f92dbe9862b,Alexis,Martin,ADMIN,2020-11-13,2020-08-19,False,
10855636-6deb-45bd-a6ba-7ac98da0f1fc,Kara,Romero,ADMIN,2020-07-23,2020-05-18,False,
9e7c4a9d-9fb4-4046-bff1-9c37e48ebcbd,Erica,Salazar,DEVELOPER,2020-01-08,2020-04-01,False,
f0f3695e-afa7-493d-a58b-d5197dce96a5,Brian,Coleman,ADMIN,2020-11-21,2020-03-11,False,
1c16006f-0fb3-4373-8d44-ede92afa358c,Crystal,Barrett,ADMIN,2020-05-16,2020-09-24,False,
8feb9d39-0076-43ec-b6a4-f86a5df621f9,Gregory,Forbes,USER,2020-03-10,2020-01-04,False,
6493092a-c264-41a6-b714-cd39235ae0b5,Lisa,Weber,DEVELOPER,2020-09-08,2020-04-28,False,
a2377462-db51-41d9-bf86-90794d16b58a,Rebekah,Graves,ADMIN,2020-10-28,2020-08-23,False,
041d6b0e-baba-4035-a603-a19273779eb3,Kristin,Robinson,ADMIN,2020-01-29,2020-06-15,False,
245742c3-9980-4a51-a09d-ea7a4aac3d3d,David,Carson,DEVELOPER,2020-02-11,2020-08-07,False,
3454f074-652e-4fa6-97ab-e3625d97951b,Jessica,Patel,USER,2020-06-21,2020-03-29,False,
9d9b1303-48bf-43f3-94e7-55cc76dc4078,Jason,Willis,USER,2020-04-12,2020-09-04,False,
c3661581-bd2e-4645-ba2f-2957cc4817ce,Ralph,Luna,DEVELOPER,2020-11-26,2020-07-27,False,
741bbe1f-725e-4a87-be9f-f5a447069b27,Nicole,Phillips,DEVELOPER,2020-12-17,2020-06-17,False,
f6094707-9f64-41c9-b4ee-99f794fe3ffc,Brian,Benton,ADMIN,2020-10-07,2020-10-04,False,
f015e98c-a66e-4a7a-8386-a7e037613114,Jessica,Gallagher,DEVELOPER,2020-12-20,2020-10-03,False,
5b4299b3-ac69-4007-9162-d3aa25e45f74,Rachel,Stevens,DEVELOPER,2020-03-31,2020-01-25,False,
c03a204d-271a-4912-a101-58c8ab2f5334,Amy,Martin,DEVELOPER,2020-09-17,2020-02-01,False,
7263a80d-4f83-44b7-8f4a-67f16311aaf9,Erin,Moran,ADMIN,2020-10-30,2020-04-26,False,
3bacb808-1d73-473c-9ede-62bb1674738f,Amanda,Wolfe,DEVELOPER,2020-09-15,2020-07-01,False,
b57ec284-c1c7-4780-9029-ca68f4047da3,Adrian,Sanchez,DEVELOPER,2020-02-01,2020-01-26,False,
ee5089b1-df92-40b8-b240-8626ec90c170,Alyssa,Howard,ADMIN,2020-04-11,2020-02-27,False,
21474378-300f-4b8d-bf58-fcdada38bb20,Michael,Adams,ADMIN,2020-11-04,2020-02-07,False,
00ef847d-0c41-49dd-a51d-5039578853f7,Rachel,Evans,DEVELOPER,2020-12-09,2020-06-29,False,
3a1c313e-837d-47cf-9962-e6842bd5dd7b,Barbara,Mcfarland,ADMIN,2020-09-11,2020-05-20,False,
5d39148e-44c3-4838-9968-fe08c6347757,Christopher,Smith,DEVELOPER,2020-02-22,2020-10-01,False,
cc73189d-8e4c-4b56-9605-5c81c006188c,Bryce,Smith,ADMIN,2020-08-25,2020-07-09,False,
2fd6afd4-24a6-4c3b-ae20-62c7b380793f,Kayla,Tran,ADMIN,2020-02-01,2020-06-22,False,
b552ad97-4fb3-47b8-a4ec-925a8e9cef52,Timothy,Anderson,DEVELOPER,2020-04-18,2020-10-03,False,
e418d806-5bca-415e-82dd-45a203bbbcb2,Brian,Powell,ADMIN,2020-01-31,2020-05-23,False,
1ec96593-b86c-46d5-955e-6d15aedad3b4,Cheryl,Klein,DEVELOPER,2020-10-16,2020-08-20,False,
08804411-85b4-4d91-8721-fa3972546e8e,Benjamin,Hodges,ADMIN,2020-07-06,2020-01-18,False,
6f7d061f-2fe4-4f1d-a673-f28565e67304,Cathy,Harper,ADMIN,2020-09-26,2020-03-22,False,
6bad6c69-6790-4f6a-ae92-7f2cc2fe3f40,Mark,Patrick,DEVELOPER,2020-10-23,2020-03-18,False,
745c0b0f-e221-4e88-8360-3d0a472c6caf,Thomas,Anderson,ADMIN,2020-10-02,2020-10-11,False,
31f0eeb1-90e4-4f6d-8ab9-3aa8f1354969,Thomas,Mckay,ADMIN,2020-02-19,2020-05-26,False,
576b3228-5e2e-4707-824c-ed3279933e43,William,Jones,DEVELOPER,2020-07-28,2020-04-26,False,
29d6450a-aef7-467c-b460-340c115cdef5,Mary,Nguyen,USER,2020-03-21,2020-01-24,False,
0b143fc2-0af0-439a-b59d-f870f438274b,Krystal,Bautista,DEVELOPER,2020-08-01,2020-08-10,False,
e3b0a510-a512-4332-ab67-ddaab8ecc607,Alexander,Warren,ADMIN,2020-05-09,2020-03-23,False,
9721b720-a821-4cdb-8620-32aa805526ad,Stephanie,English,ADMIN,2020-11-29,2020-02-18,False,
3f8774ca-0699-48a9-ae13-f65cee97a6e8,Donna,Aguirre,ADMIN,2020-07-06,2020-11-13,False,
dc985c65-ef75-4e86-a494-1128bdf3b010,Alicia,Frank,ADMIN,2020-06-15,2020-12-02,False,
dbf06bb2-c268-40e5-a790-33e5043d3dea,Bonnie,Aguirre,DEVELOPER,2020-01-02,2020-10-19,False,
5528ab98-23b6-460f-9869-6f9b3f195ba2,Rachel,Mccarty,DEVELOPER,2020-11-15,2020-07-24,False,
3ce9df56-ce85-46f1-af43-42db7446c352,Mark,Johnson,USER,2020-06-22,2020-10-21,False,
6560e2a5-d916-4b3e-8c96-0e5f64906ee2,Katherine,Richardson,DEVELOPER,2020-09-18,2020-10-05,False,
81fcc434-c042-45fc-8e4b-224d507a8883,Luis,Murray,USER,2020-06-26,2020-06-13,False,
f514ab0c-d727-428d-bde2-9c58f004451f,Jerry,Benson,ADMIN,2020-01-31,2020-07-04,False,
2d68a902-f963-4483-bea7-7709468ea62d,Christopher,Tapia,DEVELOPER,2020-09-23,2020-04-13,False,
cfc7e5dc-1faa-4a42-9bfc-8910ed0d4803,Kimberly,Jackson,USER,2020-07-28,2020-02-10,False,
03a464b4-e1ab-4440-869e-b96ddb7880ca,Nicholas,Meyer,DEVELOPER,2020-06-04,2020-03-03,False,
6301d141-a585-48ad-a8cc-b4ba4e2afdfb,Leslie,Pena,ADMIN,2020-06-10,2020-01-22,False,
d4a8db2e-ee4b-4f0c-ba9e-ae5359254bac,Brian,Henderson,DEVELOPER,2020-10-23,2020-12-03,False,
efcf8923-3cd9-4c1c-a53f-4f5fe433fd77,Mary,Miller,DEVELOPER,2020-04-13,2020-02-10,False,
45075f43-c734-4baf-9af3-8fb30e76e6c9,Jeremy,Hoffman,ADMIN,2020-02-27,2020-05-21,False,
b488a881-9394-4165-a6c5-260c9bb28181,Alan,Cline,ADMIN,2020-07-05,2020-08-11,False,
ec6c5345-d892-4bc3-96fe-58455690272b,Nicole,Johnson,ADMIN,2020-03-05,2020-05-26,False,
0e3ef2d8-bd81-4093-a4a5-747362795cb0,Bryan,Kemp,USER,2020-03-19,2020-08-09,False,
80c9b09e-1d87-4537-b94f-38a9383efa6d,Cynthia,Anderson,DEVELOPER,2020-11-15,2020-01-23,False,
e5dff81f-739b-481b-993b-aa962084f27b,Carol,Taylor,DEVELOPER,2020-09-21,2020-03-25,False,
81f6e909-f3bf-41a5-9dc0-00254d34e198,Megan,Long,ADMIN,2020-12-15,2020-11-19,False,
c52c5c30-adbc-47dd-a937-57a5afbbbf7e,Rebecca,Finley,ADMIN,2020-02-20,2020-06-16,False,
0de4ace0-9de8-4201-8d8d-0fb343b3b3e9,Amy,Hill,DEVELOPER,2020-02-19,2020-01-20,False,
13c5bce5-b77a-4683-9754-efa4ee6db394,Kristi,Edwards,DEVELOPER,2020-04-26,2020-02-02,False,
24f66eed-0bee-443a-88bd-9029e67abbc4,Mallory,Wagner,ADMIN,2020-11-16,2020-11-17,False,
6e11cf11-f8bd-4dd8-a45c-eaf4bfbbc65f,Carrie,Clark,DEVELOPER,2020-04-15,2020-08-16,False,
dcdb9ef3-33f4-49f1-bc6a-ded1737dc199,Adam,Barnett,ADMIN,2020-03-15,2020-11-26,False,
82e73581-475c-4d33-ba27-f00f53b0c167,James,Romero,USER,2020-01-13,2020-07-31,False,
aad61edb-9f1c-4cd2-b5fa-b5e12fb49256,Sherry,Chambers,USER,2020-06-16,2020-11-16,False,
fa3c9235-fcf0-4dab-80cf-d3dceb035257,Jerry,Stark,DEVELOPER,2020-04-02,2020-11-24,False,
3a98b949-aa4e-4dd5-a928-f1a8939f56ed,John,Gomez,DEVELOPER,2020-03-11,2020-02-29,False,
32447b76-5d0d-4671-ba0d-0a4d316427d1,Patricia,Buck,ADMIN,2020-07-27,2020-09-24,False,
8f7f1f8c-153f-498a-a46d-2f4c8e6e65be,Holly,Anthony,DEVELOPER,2020-09-02,2020-04-29,False,
30ebfb69-253b-456a-9170-78459405961c,Richard,Molina,USER,2020-04-16,2020-03-05,False,
bdcb9743-9249-40ef-a2c3-a03c4807ed94,Ashley,Jones,USER,2020-07-31,2020-03-29,False,
56ec497e-f7ae-4eea-abb9-b9d39da3cb62,Thomas,Morton,DEVELOPER,2020-09-03,2020-07-29,False,
024ed68a-1c1e-4410-8d54-9b75d341a8fa,Richard,Johnson,DEVELOPER,2020-02-04,2020-06-09,False,
783b77f4-c0c9-4df3-b820-0136f1ba51a7,Amanda,Smith,DEVELOPER,2020-02-22,2020-07-16,False,
5083253f-d3f3-4aec-a6c0-1621d7490fa6,Michael,Nash,USER,2020-12-03,2020-06-06,False,
188c165b-da00-49e3-b0f7-460e6c25d436,Henry,Scott,DEVELOPER,2020-12-02,2020-12-02,False,
7274ea3f-f15b-4d6c-b59d-30e34598f451,Sean,Ford,USER,2020-07-16,2020-02-16,False,
74789033-2ab5-49f7-8b6a-d123f2e01817,Christopher,Hernandez,USER,2020-06-13,2020-05-30,False,
4c6d0443-713b-457a-aa32-8814a89007c5,Jeffrey,Chang,DEVELOPER,2020-11-25,2020-04-18,False,
5fd69a93-0608-4d23-9206-21af8be28935,Lori,Sharp,ADMIN,2020-01-27,2020-12-16,False,
cd9f91ad-b954-41e8-8f4c-7bc18501a967,Michael,Ramirez,DEVELOPER,2020-09-19,2020-04-04,False,
b3982ab1-1bc5-4114-b7bf-e2aa6c8c867d,Bobby,Mccann,DEVELOPER,2020-02-02,2020-07-29,False,
8e31d120-cbbb-4e03-b9fa-afe089626b98,Samuel,Strickland,USER,2020-01-15,2020-03-23,False,
238f71b9-7cd7-4cb5-a0bb-81672964af43,Jennifer,Russell,ADMIN,2020-04-26,2020-01-12,False,
321e2150-d286-405b-9904-ee1740719b7d,John,Miller,DEVELOPER,2020-11-05,2020-05-01,False,
79b77e0f-103d-45e8-ac6a-9f0721c5e900,Alex,Phillips,USER,2020-09-24,2020-10-29,False,
4033d520-a6e4-4546-9bad-e57712e57a0e,Marcus,Brown,ADMIN,2020-03-11,2020-03-02,False,
e2171404-bae0-4209-93f6-be7fa9b4d3dc,Kurt,Holt,ADMIN,2020-11-14,2020-11-25,False,
4d44b3be-ed0b-452c-8920-30b34aab82ee,Monica,Jones,USER,2020-01-18,2020-03-26,False,
1bb15582-cebb-4154-8b7b-1f48410e0d6a,Timothy,Brown,USER,2020-11-07,2020-09-07,False,
55667c2e-f7a7-4427-be3f-f4d00daebedc,Crystal,Griffin,DEVELOPER,2020-04-30,2020-06-21,False,
4bcf7337-6693-4d8c-949d-ae16b1561418,Breanna,Lawson,DEVELOPER,2020-11-19,2020-11-22,False,
42ca84e1-2c58-4426-af4b-87db2eb5ac60,Katrina,Vincent,USER,2020-07-02,2020-02-25,False,
18a2d4f2-0828-4d69-913f-0e6a09a2efaf,Travis,Edwards,ADMIN,2020-03-10,2020-04-10,False,
6fc57bca-1537-4041-954a-be9fbe796b4e,David,Ingram,USER,2020-01-11,2020-11-07,False,
4ce1c57e-60a1-42f7-b281-a251bbca2618,Edwin,Alexander,DEVELOPER,2020-09-20,2020-02-03,False,
5747ff00-c8e6-42e1-acce-a85d573739ff,Edward,Daniels,DEVELOPER,2020-05-20,2020-08-05,False,
a88fa65a-4a6c-4d7a-8bb1-03119f80e428,Emily,Alvarez,USER,2020-03-01,2020-10-14,False,
97c79ec3-c539-418f-a8dd-bc7b4b55b315,Keith,Jackson,DEVELOPER,2020-04-28,2020-05-25,False,
65c0b8f2-f0d2-4cbc-acc2-fb252d2dd8fc,Cheryl,Garza,DEVELOPER,2020-05-26,2020-01-15,False,
2fa70a43-f01c-488d-b7c3-7feb44eef602,Peter,Hammond,DEVELOPER,2020-03-08,2020-03-04,False,
46965e46-1bf0-436c-b1c6-5058db665dd6,Kirsten,Weiss,ADMIN,2020-04-10,2020-11-11,False,
da30c073-3d2e-4bcf-ac3b-8326c76258bc,David,Glover,DEVELOPER,2020-03-20,2020-03-22,False,
293d38f0-5d83-46d9-8bcc-e5848a7feede,Ryan,Bowman,ADMIN,2020-12-06,2020-11-10,False,
4a85a38f-2437-432f-b438-d80e5c307aa0,Monica,Holloway,DEVELOPER,2020-12-17,2020-08-30,False,
d276933f-2584-4876-b6c2-0b126d86f71b,Antonio,Miller,USER,2020-03-09,2020-04-02,False,
db630d7a-e9d7-4a40-9c9b-e6c746e13253,Julie,Thornton,DEVELOPER,2020-03-18,2020-05-08,False,
37b12ee5-de67-4406-b077-b25618018ab6,Michelle,Hamilton,ADMIN,2020-05-08,2020-06-23,False,
96071284-185c-4da8-8c83-db19fd577d34,Rachel,Sweeney,DEVELOPER,2020-01-07,2020-02-29,False,
96bcc61a-e8fa-4edd-9771-d750b92b02b8,Susan,Underwood,USER,2020-12-20,2020-11-12,False,
7f076408-579b-440b-bb41-c95a26243181,Amanda,Roberts,ADMIN,2020-02-27,2020-02-03,False,
c8e1c4d7-989c-41ec-bf12-c87e19e9ce47,Jennifer,Stein,DEVELOPER,2020-09-27,2020-02-09,False,
cbdd2936-d488-49e9-bf7e-e5a7d9a5183d,Anthony,Lindsey,DEVELOPER,2020-06-27,2020-04-23,False,
edb2c904-56c5-4e01-91df-01eb82820233,Jared,Smith,DEVELOPER,2020-06-05,2020-12-12,False,
3be3ba38-a56c-41c7-9e5e-21126bd55d34,Tina,Davis,DEVELOPER,2020-08-04,2020-11-23,False,
21134bc0-875c-4b8b-abf0-6c6295a5fdc6,Barbara,Miller,DEVELOPER,2020-02-21,2020-07-02,False,
aae12d91-cea4-4768-b024-ef2cb3c990d0,Barry,Smith,DEVELOPER,2020-11-13,2020-09-20,False,
3a54baa0-d10e-4698-acd9-6045fbedc4b1,Richard,Conrad,ADMIN,2020-03-12,2020-02-01,False,
33ff6165-28e1-4d0b-ae2d-aeaa356c3870,Brandon,Griffin,DEVELOPER,2020-01-27,2020-02-22,False,
3f498447-e877-4c5e-9937-fa1105142512,Deborah,Mitchell,ADMIN,2020-06-18,2020-12-09,False,
9187b52f-eb53-4cef-98df-1fb93880ed0f,John,Mills,USER,2020-03-18,2020-10-14,False,
e9fd12e9-fd6b-4c09-ae4e-a730bd4adf53,Lisa,Garrett,DEVELOPER,2020-09-01,2020-01-08,False,
a62aa7e9-ca3a-4866-a27a-9b06bd2cfd46,Jeffrey,Williams,ADMIN,2020-08-18,2020-04-28,False,
4ab4bbe8-4aab-4686-b291-bdcaac5722c2,Charles,Cole,DEVELOPER,2020-09-08,2020-09-15,False,
a6b3bb81-0f42-4862-89ee-d282b7e7de9d,Adam,Thompson,DEVELOPER,2020-06-28,2020-10-29,False,
15c73752-dc3d-4fe3-b71d-3035d22c3b42,Brian,Lane,ADMIN,2020-09-08,2020-12-15,False,
b4d1acf6-bce2-46c0-afc9-a8dbbebebb09,Linda,Doyle,USER,2020-07-11,2020-03-08,False,
a7d5b6d2-865b-4859-8f98-84f94e919fa1,Samuel,Walters,USER,2020-11-02,2020-05-14,False,
d78c648f-07a3-4c59-8521-e38418dbf8ba,Sophia,Hebert,ADMIN,2020-10-24,2020-06-13,False,
76c9a9ab-e26e-417e-a8b3-b8ec817349d0,Carla,Estes,ADMIN,2020-08-23,2020-06-08,False,
502bb5b4-359e-440f-afe9-fc56fc77d0b5,Ryan,Greene,DEVELOPER,2020-07-06,2020-07-25,False,
e59fc58b-a172-4513-ba1a-1d2ee2f2b5ce,Kurt,Mahoney,USER,2020-06-21,2020-07-03,False,
d1ed4401-d3fd-40b9-a6b2-6b2ba21416f7,Amy,Wright,ADMIN,2020-03-06,2020-05-17,False,
e414b2de-c2d0-419b-ad54-ea55bdbed00f,Christopher,Lopez,USER,2020-03-27,2020-11-11,False,
7840758d-df86-4e74-96ea-4f8931c4c98a,Kevin,Smith,ADMIN,2020-10-31,2020-10-09,False,
0d994572-f821-4ca1-88b8-68db496cb0d4,Elizabeth,Austin,ADMIN,2020-11-10,2020-10-03,False,
a73e0e22-9274-4688-aca8-c6b4b3397670,Jesse,Green,DEVELOPER,2020-01-08,2020-07-01,False,
f2aa8fa2-6f0d-4a9f-b39b-1e5b3558cdfa,Adam,Martinez,ADMIN,2020-11-23,2020-12-01,False,
c4b42897-4ed7-42ba-b673-5be9693e8cad,Beverly,Patterson,DEVELOPER,2020-05-14,2020-03-10,False,
d948c6fd-4052-4485-8352-ed7be6612119,David,Woods,USER,2020-04-13,2020-03-08,False,
206c2203-f43b-43c4-8d1a-a0bde5d61beb,Stephanie,Anderson,USER,2020-08-23,2020-03-28,False,
24a117e1-852f-4a12-90df-ae8608763771,Matthew,Williams,DEVELOPER,2020-02-04,2020-12-11,False,
37d1e7d8-26f4-4d69-a53c-8d6f88713220,Rachel,Mcclain,USER,2020-10-31,2020-09-30,False,
4dc4e66f-3e2f-409d-9544-5258315145ff,Morgan,Peterson,USER,2020-04-28,2020-05-05,False,
61a2f701-c776-4a8e-bdd5-db9980b6d00c,Mario,Armstrong,USER,2020-08-05,2020-07-27,False,
e3fc906b-7b20-417d-9f7f-8335da5798d5,Ellen,Barnes,DEVELOPER,2020-11-20,2020-05-10,False,
13fa4517-58ec-4dee-932e-9e270e389a98,Kristen,Hensley,ADMIN,2020-02-28,2020-08-21,False,
2e8c47c5-018c-443c-8f6e-4baba57618e6,Martha,Romero,ADMIN,2020-05-03,2020-06-02,False,
ef4bd1f8-e988-4d8d-ba7f-552a727c42f1,Amy,Murphy,DEVELOPER,2020-08-21,2020-09-14,False,
f1d18d7d-10ed-44c0-aada-2b8428edf79f,Steven,Rivas,DEVELOPER,2020-01-23,2020-12-22,False,
b5a80f91-86dd-478f-a2a7-5b59cd454354,Kristina,Johnson,USER,2020-08-25,2020-02-24,False,
7c8b5085-0b8b-4b01-ac0f-aa136e11a0cf,Marcus,Newman,USER,2020-07-29,2020-01-01,False,
510811fa-9807-4071-98e6-7ca7b8fec153,Pamela,Zamora,ADMIN,2020-11-05,2020-10-30,False,
4df88d94-f073-4bbb-9ff6-b23a22a1fc23,William,Hill,USER,2020-08-05,2020-07-26,False,
536a25d9-7563-4c92-aaf5-5156c5a3a660,Craig,Myers,DEVELOPER,2020-02-03,2020-04-04,False,
4dbc1789-705a-47c8-ac57-815178e5c1ce,Mary,Moran,ADMIN,2020-05-18,2020-11-20,False,
335ce4ca-1b3a-4fb0-973c-9986b9cad090,Andres,Jones,DEVELOPER,2020-07-14,2020-08-28,False,
f7754a2c-a74b-44f8-9568-b932c924d737,Sabrina,Ortiz,DEVELOPER,2020-01-01,2020-03-24,False,
82d8f023-e6e5-48f8-8000-ca1b5007d8c0,Erin,Martin,USER,2020-02-03,2020-11-09,False,
bca57182-8809-40fa-a025-16fc2e7741a5,Amy,Bell,DEVELOPER,2020-07-08,2020-02-29,False,
e1869115-2417-40b1-a5a3-5ad5bfce22d9,Kathleen,Reid,DEVELOPER,2020-09-28,2020-07-01,False,
5dc9e2c2-5484-49dc-b26d-efdd8fe7f496,Janice,Mcdaniel,DEVELOPER,2020-12-12,2020-11-11,False,
a9ccda6e-3d1b-455c-9bd1-2e56ff01c82f,Katie,Aguirre,DEVELOPER,2020-03-12,2020-12-17,False,
23dffb90-3bc5-4647-9b00-f0256c397083,Timothy,Perez,ADMIN,2020-06-10,2020-03-22,False,
60dd2e32-142a-4401-a370-2117d898d5ba,Andrew,Johnson,ADMIN,2020-12-07,2020-04-06,False,
d39ff245-088f-40e5-b14d-06e0cb82e56d,Joel,Weiss,DEVELOPER,2020-01-30,2020-06-13,False,
025dcbe7-43af-487f-9c72-77567cbf64c7,Joseph,Hall,DEVELOPER,2020-05-31,2020-02-02,False,
779ef293-94d1-477b-8772-f193f1ad4687,Michael,Chapman,USER,2020-01-24,2020-05-22,False,
1a1439aa-bd6a-40df-b37c-9bb476555c85,Richard,Chang,USER,2020-12-17,2020-03-04,False,
134ab9aa-0004-4d06-857f-a325e5ec49c9,Monica,Osborne,ADMIN,2020-02-11,2020-08-02,False,
068c6274-456a-4f16-83ae-946796fb6fa6,Angela,Wallace,DEVELOPER,2020-03-17,2020-09-18,False,
bdbab031-5a15-423e-8b2d-fb960a4f76f5,Natalie,Salazar,USER,2020-09-01,2020-09-16,False,
6b9d84a5-9526-410a-85ce-f90c64fbc163,Shannon,Woods,ADMIN,2020-11-14,2020-07-29,False,
738d60e9-d92c-4316-9669-b49aaa10cd77,Daniel,Johnson,ADMIN,2020-02-09,2020-01-08,False,
c9938506-d8cc-453e-9b9f-88bf39f126dd,Jose,Fitzgerald,ADMIN,2020-12-19,2020-05-13,False,
0ef288b0-8e9a-4eff-bdc8-3199b33625f6,Michele,Smith,ADMIN,2020-08-20,2020-01-09,False,
9bbb9327-4dbf-4356-8f14-9146de0cc87f,Jennifer,Turner,USER,2020-02-16,2020-12-19,False,
523af484-461d-49e3-a541-0b3c7c014766,Colleen,Wiley,ADMIN,2020-12-03,2020-07-16,False,
b969da89-3a89-46db-8546-02161038113c,Jean,Richardson,ADMIN,2020-03-14,2020-04-03,False,
456f9b28-5dd1-4485-adca-9c59fe0d1954,Sarah,Hicks,USER,2020-04-06,2020-09-30,False,
fc7b6f01-8326-4269-81b3-fc10eb4f04b0,Tammy,White,DEVELOPER,2020-09-21,2020-07-16,False,
9e87e02d-3a44-4bb4-9526-0bb273c99bd4,Joseph,Green,USER,2020-06-23,2020-07-11,False,
b06618c4-1c4e-423f-a9c3-4f1a574e30e0,Diana,Moss,ADMIN,2020-11-15,2020-07-19,False,
69036bc9-00c4-4ebb-bfc7-759188f6b2a1,William,Zhang,USER,2020-06-03,2020-04-15,False,
4bf73bf1-c5f0-40e9-83cd-06372a8fe562,Sandra,Johnson,DEVELOPER,2020-04-19,2020-11-12,False,
cfe8390f-06cd-4b4b-a7a9-1086f81f2fad,Mark,Henderson,DEVELOPER,2020-04-22,2020-08-07,False,
d475e1a0-9568-4cbf-99de-4f9cab002832,Allison,Duncan,DEVELOPER,2020-09-26,2020-11-08,False,
eb0585c7-615e-460e-8960-3dbefd44a1ce,Timothy,Boone,DEVELOPER,2020-09-14,2020-11-12,False,
c941ec9f-1263-440f-b531-770b4e27569d,Katelyn,Singh,ADMIN,2020-02-26,2020-12-20,False,
a95d6f6a-06aa-496d-8dee-a6a77d037737,Charles,Miller,DEVELOPER,2020-06-16,2020-09-27,False,
e7e1755a-29eb-41a4-89ed-473a670e84af,Mallory,Leonard,USER,2020-08-26,2020-04-09,False,
3e56ee95-0376-4130-84a9-a0d642beb0e9,Justin,Riddle,USER,2020-01-27,2020-03-23,False,
7b52f1a1-9702-4b61-bb16-dc58e69d157b,Karen,Russell,USER,2020-11-26,2020-10-30,False,
ad3449d7-57bc-4731-9dcc-106b6454b09b,Victoria,Flores,DEVELOPER,2020-04-17,2020-06-10,False,
65fbb1c7-a345-4139-b771-d0525becb1dc,Jennifer,Martin,DEVELOPER,2020-03-26,2020-11-01,False,
4fb27ba5-240b-4916-9ef5-386646656893,Patricia,Macdonald,USER,2020-07-14,2020-10-26,False,
f1d23335-1606-43b7-81d5-f06c3f04e30d,Tracy,Cochran,USER,2020-12-12,2020-04-02,False,
be4b4b59-8625-4a3c-a023-e262ee7c2b09,Christine,Clayton,DEVELOPER,2020-01-24,2020-07-21,False,
be9a1b62-2fd3-4dcf-9fd2-4d284ad9899a,Logan,Grant,DEVELOPER,2020-11-29,2020-11-12,False,
860c1778-d53c-4e7c-86a5-14c6027bcf86,Lisa,Lynn,ADMIN,2020-02-09,2020-07-16,False,
4b94cc5f-7b3c-458e-88de-e7b935531fde,Ian,Willis,DEVELOPER,2020-04-25,2020-11-04,False,
40178ce2-1fa8-4be1-9d31-d4011fe73d45,Brandon,Colon,ADMIN,2020-06-21,2020-03-21,False,
56e54e1f-643b-46fb-8e19-e66dcebde280,Scott,Nguyen,USER,2020-09-04,2020-08-09,False,
80c50f06-2c3b-46ee-8d7d-6bbaedcce3ef,Brian,Webb,DEVELOPER,2020-04-14,2020-04-02,False,
2c25e7f3-93a3-4ffd-a5ca-d8e371401bb0,Brandon,Hodge,ADMIN,2020-08-21,2020-12-18,False,
623b4c02-ecc1-41a8-b709-eafa7e1b97a5,Frank,Hodges,USER,2020-07-16,2020-03-30,False,
8585ed1f-321f-4edb-8c2d-f21fd1e76228,Kimberly,Noble,DEVELOPER,2020-04-10,2020-08-03,False,
14b3c1b6-a87c-49df-bff3-eb295f0a6c13,Valerie,Martin,ADMIN,2020-11-05,2020-03-18,False,
1e9df16f-9177-438f-9302-f78b573b336b,Gina,Nolan,DEVELOPER,2020-12-13,2020-07-29,False,
922e1eee-fe88-429d-ad5e-a1488b1975a8,Samantha,Hall,ADMIN,2020-02-15,2020-03-01,False,
b34d0055-ee58-4442-b514-b0aa03236ff3,Pamela,Howell,DEVELOPER,2020-01-27,2020-01-18,False,
a6fa0499-9276-45f6-9652-9e89e38aaccf,Gary,Skinner,ADMIN,2020-04-23,2020-03-22,False,
845cbfb9-1779-474c-9690-d53b1b12a222,Martin,Carlson,USER,2020-04-20,2020-04-06,False,
533ff67c-788b-44dc-abe6-ade5e8fe6363,Anna,Robertson,DEVELOPER,2020-06-04,2020-04-06,False,
a54047a7-2d31-47c5-a881-6807d81e17b6,Joseph,Rogers,DEVELOPER,2020-07-21,2020-01-16,False,
84d8437a-b626-4290-a9ec-0339484cb245,Francis,Herman,DEVELOPER,2020-01-05,2020-10-12,False,
f7689010-fe85-4150-a192-fe6ba1b189c6,Tonya,Hayes,DEVELOPER,2020-02-22,2020-07-01,False,
a98ea1ae-957d-4ff1-833c-0a0b05b28ab8,Kenneth,Evans,DEVELOPER,2020-08-03,2020-01-14,False,
e5db0ef7-6c28-4178-8c1c-9ec2eedbc29e,Gerald,Boyle,USER,2020-09-05,2020-02-02,False,
668f311f-cf03-49c8-ae7a-c5df5a83787d,Veronica,Huff,USER,2020-06-12,2020-04-14,False,
f5c49711-de51-4ba5-84d1-2281a2df51b0,Valerie,Carpenter,USER,2020-04-22,2020-03-11,False,
380f4177-c909-43a1-83a5-53e5a8be8fda,Jonathan,Nunez,USER,2020-09-23,2020-03-03,False,
de1ed53b-298d-432e-9af8-cd295058f5fa,Robin,Richardson,ADMIN,2020-12-01,2020-12-16,False,
e4ffb09a-466f-4932-b78c-2558ba0df15f,Brian,Jenkins,ADMIN,2020-11-27,2020-02-12,False,
9786423a-bf96-499d-96d3-dbc1d9c94a43,Chelsea,Craig,ADMIN,2020-09-26,2020-10-29,False,
1696add4-1362-4d4d-9897-8244a8193e54,Veronica,Gonzalez,ADMIN,2020-08-14,2020-02-25,False,
84b5bc7a-06fb-45cb-9993-d983952406c8,Rebecca,Small,ADMIN,2020-07-24,2020-02-14,False,
f8c5f1af-f391-4f70-a535-e70eae3b4fb6,David,Ellis,USER,2020-07-12,2020-11-12,False,
cfc58e7e-476d-4cc9-a3e6-5e7a1ae9f2f3,Gerald,Tran,DEVELOPER,2020-11-12,2020-01-05,False,
86be8993-cc8c-4250-9f95-11a63bd5b1a1,David,Johnson,USER,2020-12-14,2020-02-06,False,
babd7928-3591-4ded-bff3-a1b62ecf406c,Jeremy,Martinez,ADMIN,2020-03-26,2020-10-29,False,
d957e538-d163-4a39-a96a-f78d2f422c4d,Robert,Jones,USER,2020-05-13,2020-05-03,False,
678e4461-b037-418e-b2b1-58a15a419ac2,Ryan,Adams,USER,2020-04-30,2020-11-20,False,
79d66b37-3651-4cee-ab33-ece76f1874e8,Sandra,Butler,USER,2020-09-23,2020-10-14,False,
2bcb3b0c-a627-47ab-b918-9b276097d74b,Jessica,Crawford,DEVELOPER,2020-06-01,2020-04-26,False,
e1f6f6e2-2c77-4d96-896e-45ae3081cf63,William,Aguilar,ADMIN,2020-11-29,2020-07-23,False,
3b460d77-9eed-403c-971f-80320bd23ff2,Michelle,Wells,USER,2020-07-07,2020-10-07,False,
0abf0cdf-4540-4aad-b293-cde5b7c3fdaa,Ian,Daniel,ADMIN,2020-09-11,2020-03-20,False,
adbc94ad-74fb-4423-a8c0-4fe9e2b07d02,William,Phillips,USER,2020-12-14,2020-04-03,False,
80d5736d-ddbf-4e16-abd9-32dbface7dcd,Kyle,Wells,USER,2020-09-05,2020-02-27,False,
dc8225c7-d5d8-4a4f-b76f-c59693b3dbfe,Melissa,Little,ADMIN,2020-10-22,2020-01-19,False,
185d6fcc-c1fa-4232-bcc8-cb86b8740ca1,Kayla,Reed,USER,2020-08-13,2020-02-16,False,
61ac5ebd-a7df-4315-abb6-c0ec16337bb5,Stephen,Cole,USER,2020-05-18,2020-04-13,False,
c6fba85e-8f83-47a6-8cee-1c409b31a5a4,Michael,Davis,ADMIN,2020-01-25,2020-08-18,False,
827f08c1-e33b-4720-9474-c46ecdb19be2,Christopher,Flynn,DEVELOPER,2020-06-17,2020-06-06,False,
c348ad76-6982-44db-9259-19946df796cf,Devin,Ingram,ADMIN,2020-04-13,2020-05-12,False,
e983e204-69ef-40ae-84df-57a1f3344184,Martha,Sanchez,ADMIN,2020-07-19,2020-07-31,False,
ed814229-1ba2-4e04-9807-92e8a7710421,Jennifer,Walters,DEVELOPER,2020-07-13,2020-11-19,False,
27ab7ca3-f6a2-486c-b9d0-9deb1f512c46,Jon,Barrett,USER,2020-11-04,2020-03-01,False,
fcb80173-e529-4a9e-a99e-53a4c21dd141,Katherine,Williams,ADMIN,2020-02-02,2020-01-13,False,
a6f9f2d0-817c-433e-906c-1d9a0fcf2238,Breanna,Spencer,DEVELOPER,2020-07-21,2020-10-14,False,
e9929944-331d-4adb-a311-ffc3817b8ae2,Amy,Roberts,ADMIN,2020-10-24,2020-07-24,False,
47db162e-a0a4-4e44-9396-2322b86b13fc,Kenneth,Howard,DEVELOPER,2020-12-18,2020-08-18,False,
7e334ef6-a5a7-4117-a82c-57a48d035519,Mckenzie,Castillo,ADMIN,2020-04-20,2020-02-29,False,
d3869835-7f7f-4e5e-a0a5-49bb3f62decf,Bonnie,Ramirez,DEVELOPER,2020-12-15,2020-11-19,False,
2d67733b-4a24-40f4-a681-590661ed244e,Barbara,George,DEVELOPER,2020-11-21,2020-03-06,False,
f4888e62-88e0-4171-beec-74371d7208a1,Henry,Ritter,USER,2020-01-19,2020-03-20,False,
f6f65c50-e05b-49af-8f46-c6bfbb8e8589,Donna,Shelton,DEVELOPER,2020-12-14,2020-09-01,False,
25323a16-aaa6-40e5-841f-10c22a23dd23,Adam,Smith,USER,2020-03-20,2020-01-22,False,
e4a727cd-256e-420c-9207-fbea581d8ee6,Kristen,Simpson,USER,2020-05-02,2020-02-18,False,
d6b6464c-f420-44f4-9178-2ecf1c2116e9,Mary,Lee,ADMIN,2020-06-07,2020-09-10,False,
9776ffa8-1073-4c03-80ee-0087e73b54bf,Mary,Martinez,USER,2020-07-11,2020-03-14,False,
5092c9c5-d14f-4dbe-93a4-7ba1ab03e0ee,Denise,Anderson,DEVELOPER,2020-05-14,2020-02-15,False,
6093853f-3960-4070-8dae-03129768b570,James,Peterson,ADMIN,2020-08-09,2020-12-18,False,
e3065105-9a68-4a88-9b33-49ff494df06d,Laura,Davis,USER,2020-05-12,2020-07-11,False,
11af5776-2bc5-467d-9e08-e1380da1fbf0,Anna,Harrison,USER,2020-10-08,2020-08-16,False,
bd9ceb17-0d64-4f9c-8c54-65442bfa5915,Christina,Patel,DEVELOPER,2020-02-12,2020-09-28,False,
4c9da955-8271-408b-9aca-1f38f2a19799,Brandon,Owens,USER,2020-11-18,2020-06-22,False,
012b2f77-6250-4edc-849d-b0a3bc14ffb3,Lynn,King,DEVELOPER,2020-02-18,2020-09-16,False,
f263ab03-4319-421e-9af6-c89db15c7097,Isabel,Hunter,ADMIN,2020-02-24,2020-01-11,False,
572ae1ee-cf76-4603-b4b0-2b3a436da099,Rebecca,Gordon,ADMIN,2020-02-26,2020-08-07,False,
a54a424e-ab02-4513-9234-a573347f5cb5,Michelle,Reed,DEVELOPER,2020-06-05,2020-02-07,False,
c334635e-41a1-4287-8d02-a05be27dce79,Sarah,Nicholson,ADMIN,2020-01-30,2020-07-23,False,
1a9ba185-3109-4a85-b642-2b797500a6d3,Crystal,Sanchez,ADMIN,2020-04-08,2020-12-17,False,
8222c887-2198-4227-9e06-b913ca57d695,Tonya,Sharp,USER,2020-09-30,2020-02-16,False,
c218ee57-79ec-45ba-9daa-4c5936ba059b,Brandon,Rodriguez,USER,2020-11-09,2020-06-08,False,
6989639b-409d-44c9-8218-6ad873d691c3,Gabriela,Harrison,DEVELOPER,2020-08-21,2020-01-07,False,
0c440e43-e955-4b04-b952-68835c52b4af,Paul,Hensley,DEVELOPER,2020-12-09,2020-07-31,False,
bdea0eb4-6f3f-41ac-b830-586f389c2919,Rebecca,Collins,DEVELOPER,2020-04-06,2020-02-02,False,
2d1395d4-5f5c-4274-b98c-4f4157bf0524,Katie,Perry,ADMIN,2020-07-30,2020-05-04,False,
f9cd93d9-0da0-4e04-a05b-9994bda0413e,Nancy,Gibson,ADMIN,2020-12-03,2020-04-10,False,
b44c49a3-1c88-48e6-a9a9-1eba20d02cfc,Emily,Miller,DEVELOPER,2020-11-30,2020-11-24,False,
61ef4bdf-0908-4c3c-8d91-b88445112cd9,Zachary,Norman,ADMIN,2020-04-22,2020-07-16,False,
ccd62c0b-7373-4e27-8597-c95b45fdd303,Linda,Salas,USER,2020-09-26,2020-02-18,False,
281e25cd-9d06-4053-bd03-79fbe9ef5513,Jonathan,Medina,ADMIN,2020-03-16,2020-01-22,False,
f1d5c7c1-ff7b-4242-bd2b-61ec221b97c8,Michael,Barton,DEVELOPER,2020-07-06,2020-11-25,False,
dde4372f-8818-4a28-844e-2f167f850978,Jean,Austin,ADMIN,2020-11-20,2020-05-02,False,
3e37eb1d-7d44-4bee-96a6-1de0669797eb,Melissa,Campbell,ADMIN,2020-01-11,2020-03-21,False,
4cd7c9d1-4c04-44e0-8940-d6a1d4d299ff,Natalie,Wolfe,USER,2020-09-02,2020-08-05,False,
85114acf-d9d4-4fd7-84f9-217702fd6479,Ralph,Gonzalez,USER,2020-09-01,2020-09-27,False,
5a8a62d1-c289-414e-850d-3ab6553d2297,Sara,Scott,USER,2020-04-02,2020-04-01,False,
f64c7fdf-576c-4042-9175-4761ab60ef1e,Anita,Reyes,ADMIN,2020-04-08,2020-03-22,False,
61f1eafc-c8aa-4243-9a55-d5a98e190ccd,Laura,Moore,DEVELOPER,2020-04-17,2020-08-21,False,
7608740a-7383-423c-8aa1-ce2c3ef59b3c,Rose,Miller,DEVELOPER,2020-04-28,2020-12-18,False,
c75242e1-68f5-43ce-86b9-32c14c81fc38,Susan,Cook,DEVELOPER,2020-08-26,2020-07-27,False,
828272d2-e386-4ee5-92b8-394db800528d,Sara,Hernandez,DEVELOPER,2020-09-26,2020-06-30,False,
ca4c2e91-6801-4418-a383-002e0a90ade6,Mckenzie,Love,ADMIN,2020-10-06,2020-09-16,False,
ec1f48e4-997f-44d3-8e2e-286b1dba4356,Paul,Wolfe,DEVELOPER,2020-07-20,2020-01-31,False,
7a963a55-a3eb-41c0-bcbe-76b9bb3e916c,Allison,Price,USER,2020-02-26,2020-12-14,False,
7a76d8ec-dcac-45ea-a62b-90a27cbffa45,Michael,Greene,USER,2020-05-28,2020-01-10,False,
53a98c1a-487b-45b3-a899-a84670cf4c6d,Michael,Palmer,ADMIN,2020-02-27,2020-07-08,False,
4980bfc4-8720-4f07-b57e-0b2549343cff,Stephanie,Ho,USER,2020-10-09,2020-01-04,False,
f1cf0ef0-1d1c-4f51-ac92-1a530eabe4c6,Michael,Bryan,USER,2020-07-17,2020-05-03,False,
5c6513dd-a7f4-4e97-afcf-e2e6b555dd7b,James,Smith,USER,2020-03-25,2020-04-14,False,
30df3200-b769-41fe-973e-c409150c4801,Stephanie,Spears,USER,2020-06-10,2020-04-12,False,
767b0548-21c0-45e4-950d-6690833226e0,Martin,Pena,DEVELOPER,2020-08-15,2020-07-20,False,
b9affd80-a520-48c3-91cf-a980c757ed7a,Christine,Nelson,DEVELOPER,2020-09-13,2020-03-05,False,
d3bf7c72-49b6-43c9-b037-314df5fe824a,Rachel,Campbell,USER,2020-01-10,2020-01-13,False,
ec23b7b6-d631-46e1-9421-48377b4fc4ae,Cameron,Peters,ADMIN,2020-01-20,2020-01-19,False,
118168df-1a56-4ff2-ac4f-d785356382c0,Nicholas,Bentley,ADMIN,2020-03-24,2020-04-20,False,
4d2b7599-18d0-4ffd-a14d-bd176143733e,Madison,Thompson,USER,2020-11-30,2020-11-06,False,
8b9fa739-b114-4c37-8cf2-cf38eaff3afc,Gregory,Leach,DEVELOPER,2020-10-01,2020-03-30,False,
4bff3654-06dc-4039-966b-031440ebba4b,Sheila,Lopez,ADMIN,2020-05-31,2020-11-26,False,
f9e4a9f2-82ee-4a82-a4b6-bed2b2433229,William,Cook,ADMIN,2020-12-04,2020-10-10,False,
1066a9f8-6b17-4f75-8cb4-12883116132d,Andrew,Alvarado,DEVELOPER,2020-10-21,2020-09-07,False,
0033c45f-a55e-4d4b-81a1-e78336974c40,Joseph,Clark,DEVELOPER,2020-07-15,2020-03-24,False,
2753cb41-43cc-4f81-88d0-dffe9ae06d11,Tonya,Williamson,USER,2020-04-05,2020-01-20,False,
33b3d341-906e-412b-a26c-5db6e87a1a0d,Angela,Miller,USER,2020-12-18,2020-03-19,False,
ef7f0eb8-39c5-4dcc-8475-6a281a00f02b,Shannon,Harrington,USER,2020-04-21,2020-04-07,False,
b9734891-33dd-49a0-b2a7-a7684c81e6bb,Joanna,Brown,ADMIN,2020-06-21,2020-06-05,False,
3bf1747d-a8b0-489b-8855-7c199405876a,Christopher,Ali,USER,2020-08-29,2020-06-18,False,
beb0f338-af9e-4ea4-93bc-e00c39ed1bb0,Emily,Underwood,ADMIN,2020-05-17,2020-05-29,False,
c2ae3c73-228e-4b39-a1f8-5d0c1929e4bf,Charles,Johnson,DEVELOPER,2020-01-27,2020-05-12,False,
a862e1d4-816b-4405-84ff-1ce19056daff,Joel,Gomez,DEVELOPER,2020-07-08,2020-07-03,False,
b23802ed-567f-43c6-8ad4-bca238e94fb2,Kevin,Castillo,USER,2020-06-07,2020-05-01,False,
ed8d98ff-6f0a-48b5-85e4-48531df81a06,Shane,Flores,ADMIN,2020-02-08,2020-06-06,False,
73ac5948-e348-431b-81db-efa04e35ea6b,Thomas,Pace,ADMIN,2020-09-13,2020-01-08,False,
722b5031-17a8-47ba-acc6-6afb8dbb9393,Scott,Mcdonald,DEVELOPER,2020-08-17,2020-07-01,False,
42cf344c-1731-40bb-9871-7ce26fa2127f,Jill,Moore,DEVELOPER,2020-11-21,2020-01-11,False,
ac80c80d-de3e-4c31-8d94-72e8e4b08a69,Rebecca,Brown,DEVELOPER,2020-05-25,2020-10-05,False,
522e7991-fc86-4a4c-b207-9ffe3e15058d,Janet,Sims,USER,2020-02-23,2020-05-31,False,
661d9970-102e-4e6f-82e7-4e73e1a9b5e1,Christina,Rivers,ADMIN,2020-01-13,2020-02-13,False,
399bb368-8348-45e1-9a13-8702669e3bb5,Morgan,Johnson,ADMIN,2020-06-30,2020-07-18,False,
08148308-176e-452f-b52d-6f6c3a2e69b0,Sarah,Reid,USER,2020-06-13,2020-11-13,False,
0d416bc6-002e-40d9-9927-e17c0c686606,Cameron,Mills,DEVELOPER,2020-11-09,2020-12-21,False,
3944cc69-f7ad-4e32-85fa-a39272196be1,Daniel,Evans,DEVELOPER,2020-10-22,2020-01-10,False,
7eafdc47-d839-49ca-bdda-7dbe0a3d31c7,Michael,Nichols,ADMIN,2020-07-28,2020-11-04,False,
8ccedc62-efcc-49ed-a42f-26500ef4fd2c,Amy,Chan,DEVELOPER,2020-04-01,2020-07-16,False,
33cc1507-628c-4123-aa85-fb7afd47cca6,Brittany,Turner,ADMIN,2020-09-16,2020-07-08,False,
9f55400b-d576-4429-b3f1-caf445d147fe,Regina,Murphy,DEVELOPER,2020-03-28,2020-04-05,False,
7a29c90e-1917-4ba6-8b08-9b268db0283e,Peter,Simon,USER,2020-02-04,2020-08-24,False,
7bd8cbb8-ddb1-4d40-a7a2-876f94fc467b,Thomas,Thompson,USER,2020-11-20,2020-04-08,False,
7473dfa0-7d3a-4201-9507-b9724834fb96,Stephanie,Davis,DEVELOPER,2020-10-14,2020-09-19,False,
fd2bff2b-0a4a-4dd8-bebb-dab7c3e2d271,Beth,Frank,DEVELOPER,2020-05-06,2020-07-26,False,
9ce740f0-5b35-444e-81ca-cf4d79f005a8,Heather,Sanchez,DEVELOPER,2020-11-24,2020-06-20,False,
c1e22858-5750-4c5e-8cf5-ff92a0c8fe41,Kathleen,George,ADMIN,2020-10-20,2020-01-03,False,
634854f4-db7e-49f3-954b-3a94612e751b,Veronica,Cook,USER,2020-01-11,2020-01-02,False,
8279aa93-2c5b-4f84-b40c-22b186acf399,Michael,Wolfe,USER,2020-11-01,2020-08-20,False,
7422c8c0-1ecf-4e14-ac7f-6a224dbab704,Stephanie,Hill,DEVELOPER,2020-09-10,2020-06-06,False,
ac7a010d-7530-46d4-8dad-4fd3c552aa93,William,Valencia,DEVELOPER,2020-10-19,2020-12-06,False,
2efd81e5-01ad-49f6-bbc7-172ad0a28e11,Christopher,West,DEVELOPER,2020-04-22,2020-10-06,False,
33d1144a-d625-4de0-81b1-3c56511c6b52,Steven,Delgado,USER,2020-09-10,2020-11-06,False,
5e116d26-1442-4684-b8fe-ccdfacbd61cd,Sandra,Bryant,ADMIN,2020-07-21,2020-05-01,False,
c6f3480d-16f5-483c-8d37-9137285537cd,Ernest,Williams,ADMIN,2020-05-02,2020-12-20,False,
a36f0172-be87-4b25-89e8-dd10677dcf1e,Cheryl,Wright,DEVELOPER,2020-02-25,2020-08-05,False,
d8e2afb9-c4af-4013-b13f-16807de21b8b,Katelyn,Holmes,ADMIN,2020-05-16,2020-04-22,False,
abc88c19-8eb9-415d-92c5-f7d903776b2e,Christian,Dyer,DEVELOPER,2020-02-13,2020-10-18,False,
4ca79451-4375-493b-bcc1-e4bc4fd73a08,Lisa,Rodriguez,USER,2020-10-22,2020-05-07,False,
5ef681d0-d7cd-4f00-b089-494df13e978b,Mary,Lawrence,ADMIN,2020-01-02,2020-06-02,False,
5c9c1287-fa3c-4ba9-9366-24e5675a11f5,Stephanie,Smith,USER,2020-09-24,2020-05-13,False,
4dd8bff9-fb6a-4b19-bbb7-7f30641ee61f,Drew,Knapp,ADMIN,2020-12-04,2020-09-28,False,
8480de70-b113-4ab6-99eb-ac2dbf72d244,Jonathan,Walker,USER,2020-02-21,2020-01-09,False,
7d83ed6f-966b-411a-8b95-8f35cb2ffb0a,Teresa,Peck,DEVELOPER,2020-10-14,2020-05-13,False,
3da5e43f-905c-4818-a690-232a1d9fd51d,Brent,Mathews,ADMIN,2020-10-11,2020-01-07,False,
9bab5fde-6206-4a99-9d1a-578e90c3a126,David,Sanchez,USER,2020-06-28,2020-05-04,False,
18a846a2-9719-4b6e-a172-df2301d346ba,Gregory,Smith,DEVELOPER,2020-10-01,2020-09-15,False,
8ba15fd4-fa3a-459a-bcbf-f70974937bb7,Samuel,Levy,DEVELOPER,2020-09-02,2020-11-28,False,
234a2b18-2e91-4e2a-af15-b5663e5320f9,Cole,Hall,DEVELOPER,2020-09-06,2020-09-02,False,
bc3e7fff-570f-4fce-a08e-1e3ca2cbc6f9,Joyce,Henderson,ADMIN,2020-01-25,2020-02-11,False,
c4c51cec-e230-4e91-ae01-36e312adecc3,Beth,Johnson,USER,2020-08-22,2020-06-27,False,
5d3a7f15-f39a-465a-8464-bd47fb302df6,Tyler,Blankenship,ADMIN,2020-05-09,2020-07-26,False,
2b3dcb2d-a33b-44a0-9c5c-0d9f57d39193,Monica,Kerr,DEVELOPER,2020-11-27,2020-11-06,False,
e330c205-5727-4dd6-b399-14380f10c69d,Erin,Martin,DEVELOPER,2020-06-24,2020-10-30,False,
d27c3894-069c-416e-8d6f-d26846f62a9f,Lauren,Wright,DEVELOPER,2020-07-11,2020-11-24,False,
058776b6-8c98-4788-a202-00820bd26519,Ashley,Garrison,ADMIN,2020-06-24,2020-08-18,False,
52449462-46ec-42d3-b68c-160a765103d7,Deborah,Murray,ADMIN,2020-10-04,2020-03-31,False,
069d73f6-c317-45a4-9945-1037d5362149,Joseph,Hood,DEVELOPER,2020-03-30,2020-05-07,False,
0a9c292b-365a-425c-a12a-8032dba31be1,Sarah,Alexander,ADMIN,2020-08-26,2020-08-03,False,
d510a5f3-d263-44ba-b53d-d77bb2a9a0cb,Adrian,Anthony,DEVELOPER,2020-11-29,2020-06-27,False,
0bb9c860-802b-42df-8c3c-f81cf660c0b2,Nicole,Benson,DEVELOPER,2020-08-11,2020-04-08,False,
86a1fd03-a2a2-4ceb-99fe-0e7e9e27414e,Charles,West,ADMIN,2020-05-23,2020-01-11,False,
e1988d45-ad59-479f-adc3-2eb9a375d472,Charles,Williams,ADMIN,2020-12-04,2020-04-29,False,
be499bc0-40d9-4f50-9af7-f39267194d3f,Joshua,Pittman,ADMIN,2020-03-28,2020-01-04,False,
0a49a224-1205-42b2-9a9d-428dc52bce70,Sarah,Jones,DEVELOPER,2020-06-08,2020-07-02,False,
9cc321ae-76d4-4a21-9ec6-063e1f3e0561,Michael,Perkins,ADMIN,2020-07-02,2020-12-22,False,
e9855627-b4ee-4e51-9770-9e99d7dd0644,Joseph,Wilson,DEVELOPER,2020-11-24,2020-11-27,False,
2d5b0e07-fcc6-422b-927a-4cc642c61159,Dawn,Smith,DEVELOPER,2020-11-01,2020-11-10,False,
77958b77-7148-471f-b857-89228b8c6207,Zachary,Burton,USER,2020-09-24,2020-04-06,False,
526152ed-a600-4f05-a827-8428cd54bf2d,Randy,Phelps,USER,2020-07-12,2020-10-31,False,
c925be66-9ae7-4b69-8aab-c238893647a1,Miranda,Burgess,USER,2020-05-06,2020-12-19,False,
da0aecf3-ce9c-415c-9e39-2f488fc6d3ff,Ryan,Dunlap,ADMIN,2020-03-21,2020-06-28,False,
3d554010-a7ed-4889-9195-ad4b8f905e41,Corey,Young,ADMIN,2020-08-01,2020-12-09,False,
26b1c94b-5007-49c9-ac33-85d04a349d5e,Brittany,Diaz,DEVELOPER,2020-09-23,2020-08-21,False,
964bac45-59c8-4b79-b0ec-dbd225ac7d08,Deanna,Hicks,USER,2020-08-07,2020-09-10,False,
bc82fea8-5aeb-4516-b032-37f62ceb796d,Jennifer,Garcia,DEVELOPER,2020-04-28,2020-08-02,False,
ad783381-7c16-4845-bec6-896f54d68f6a,Brittany,Werner,DEVELOPER,2020-07-07,2020-10-20,False,
c1fe4cf8-c900-4d07-9b83-2f0eb764af87,Willie,Johnson,DEVELOPER,2020-09-26,2020-10-21,False,
d2210b63-81dd-42fd-a0ee-1d73be8987f0,Cindy,Jones,DEVELOPER,2020-02-12,2020-11-08,False,
18d67532-48c4-40bd-9f80-12da2a9ec423,Elaine,Smith,USER,2020-01-11,2020-12-13,False,
0b8bb9f9-0996-4d27-8477-c5e332e7843e,Christina,Brewer,USER,2020-03-05,2020-08-14,False,
45127e45-cc58-4d7d-b24f-9b257eefea55,Belinda,Fisher,DEVELOPER,2020-01-20,2020-07-11,False,
f07fc171-b22c-45c0-bd51-6d2246658fed,Tara,Thomas,ADMIN,2020-03-13,2020-01-06,False,
64d7bfff-b33e-48c0-b753-6877480b5dd1,Samuel,Peterson,ADMIN,2020-01-15,2020-08-01,False,
f1c84cf9-a14f-421f-a5ae-bb4186cde25d,Stacie,Sheppard,DEVELOPER,2020-12-20,2020-07-23,False,
497a95a3-d565-430f-b05a-112d1b4938df,Joshua,Lindsey,USER,2020-04-02,2020-05-20,False,
132e0b96-df23-41b8-bc5d-f2bb7e223625,April,Villarreal,DEVELOPER,2020-01-23,2020-03-06,False,
dd996e97-68a2-4aeb-aeef-9613991bae43,Christopher,Johnson,USER,2020-10-08,2020-09-12,False,
752f8b11-7268-42a2-a16b-70536d86175a,Jesse,Martin,DEVELOPER,2020-10-01,2020-06-25,False,
529bc969-f412-493a-9bf5-eb2df86a195d,Lindsey,Simpson,ADMIN,2020-01-14,2020-03-09,False,
7090c85b-defa-46a9-9ee1-3df153fbfded,Lance,Smith,ADMIN,2020-03-06,2020-09-13,False,
fb597fcf-5f2f-4caa-81c2-394be800e850,Kimberly,Brown,ADMIN,2020-01-25,2020-03-07,False,
3922c94f-97b0-4a95-809c-bfffa1b3f10d,Maureen,Gordon,USER,2020-05-07,2020-12-12,False,
c90e03dc-b92b-422a-9bcd-390254bde0bc,Rhonda,Daniel,USER,2020-11-05,2020-08-30,False,
d6929425-21bf-4f5e-b050-828d257b75ff,Michael,Reyes,USER,2020-10-17,2020-09-25,False,
35cf2a5c-0b3f-438a-9f27-b29e350df6b7,Steven,Callahan,DEVELOPER,2020-07-31,2020-08-21,False,
256de94a-65a2-4dd9-9815-7d66d872b179,Angela,George,USER,2020-11-25,2020-02-16,False,
9ae96dbf-8052-4f9d-8f2a-4f4a175e1b64,Eric,Koch,DEVELOPER,2020-07-09,2020-12-17,False,
4005ae2f-96ca-42b9-b20f-1cc0d08242da,Lisa,Harrison,USER,2020-04-14,2020-05-31,False,
083c0658-9667-4ce8-9a1c-07a96d8a9e0a,Travis,Velasquez,ADMIN,2020-03-24,2020-09-07,False,
51f3a05a-2651-4999-a636-30d1bd48de61,Kimberly,Smith,USER,2020-09-01,2020-12-01,False,
bfb12c06-2f86-4c8f-b5b2-f6255068b62a,Madison,Olson,USER,2020-11-01,2020-03-29,False,
058e37ab-abfc-4b8f-abd9-9a6ab02893b2,Andrew,Baird,ADMIN,2020-08-30,2020-10-02,False,
43db0b7c-b44f-478f-a241-5b3e16432c7a,Alejandro,Davis,USER,2020-08-24,2020-05-29,False,
ee5e4df3-bf50-4cf4-aee4-6f7aeb819ae9,Teresa,Johnson,ADMIN,2020-08-05,2020-01-01,False,
e5f13eab-e6bc-46b5-834a-2ab6fd6b9dab,Frank,Bailey,ADMIN,2020-04-14,2020-08-29,False,
bb591cf2-69ba-45f2-8aed-ff2a69160ea6,Melissa,Guerrero,ADMIN,2020-07-11,2020-07-13,False,
1d7ff1d1-a3b2-4201-80ea-1f3be2593b72,Bethany,Petersen,DEVELOPER,2020-08-15,2020-07-24,False,
6b458ee0-4312-4d3c-9a38-1dccd7a49509,George,Smith,ADMIN,2020-03-03,2020-01-12,False,
fef71734-0282-4cf5-80ce-3bc144768d43,Ernest,Coleman,DEVELOPER,2020-03-20,2020-09-11,False,
0d3bd683-f784-46b7-a6af-67c3fbbf1190,Jeremy,Nguyen,ADMIN,2020-01-02,2020-01-03,False,
24a34a13-6e65-4f68-8f19-afc0a8c86e31,Teresa,Coleman,USER,2020-07-14,2020-07-23,False,
5dda7130-90ed-4b56-8d91-a1d03740e176,Michael,Ortega,ADMIN,2020-09-06,2020-02-22,False,
08e40801-975a-42b7-8517-2bf5a512fb80,Keith,Wilson,DEVELOPER,2020-04-30,2020-10-02,False,
1c2a42a5-d15e-4591-919f-8b0efef22a7b,Michael,Boone,DEVELOPER,2020-11-02,2020-09-22,False,
ee4bddae-d05a-4726-a29b-9f2511fb2f1f,Stephen,Smith,ADMIN,2020-07-04,2020-01-18,False,
863de18d-f44e-4e85-b871-eb5c8a0fc16d,Tara,Espinoza,DEVELOPER,2020-07-21,2020-06-01,False,
1587b93b-7649-4451-a5bd-7b944474bcd8,James,Anderson,USER,2020-10-22,2020-11-25,False,
88351708-4a30-458d-b31e-916a4f25c174,Mary,Williams,ADMIN,2020-10-05,2020-04-24,False,
c6f5b637-98a5-4c39-8ce7-56e39c8cb5f0,Stacey,Gutierrez,ADMIN,2020-12-05,2020-10-01,False,
f3a07e7b-8e06-41ba-b828-9d4fb1c6dd7c,Michelle,Richardson,ADMIN,2020-09-25,2020-08-16,False,
ee2a023e-e54e-4a1b-9c6f-712d28f4b5ea,Angela,Rogers,DEVELOPER,2020-01-14,2020-02-17,False,
3000d97d-374e-42ef-920c-e5b62cc3abc1,Michael,Bryant,ADMIN,2020-03-23,2020-06-12,False,
d3bc2e55-b031-44d8-81f9-261322ccb15a,Frank,Gonzalez,ADMIN,2020-04-17,2020-01-16,False,
d544621d-a7c9-4003-9065-fc4476676a32,Robert,Johnson,USER,2020-05-05,2020-08-17,False,
54b359e4-8121-4db7-a2ae-9f3aff14f520,Matthew,Curry,ADMIN,2020-11-11,2020-11-12,False,
daa9f814-f3fc-4eac-b24b-d827044b168c,Ashley,Lee,DEVELOPER,2020-02-19,2020-10-06,False,
bf5735e1-db2d-4797-8248-2f9145df684e,Alex,Donaldson,ADMIN,2020-01-15,2020-03-05,False,
053e942a-2e04-403b-bde5-a232684f3eeb,Benjamin,Vazquez,USER,2020-05-04,2020-11-01,False,
1021cbd7-7fee-4422-882e-a4f24f867596,Brian,Buchanan,DEVELOPER,2020-02-29,2020-01-08,False,
ce13147e-e291-44b6-a820-f0d40882b191,Lindsay,Parker,USER,2020-09-25,2020-02-07,False,
798ca252-d91e-4119-9dd8-a48299c80400,Kimberly,Knight,DEVELOPER,2020-03-24,2020-08-07,False,
f8f78f77-c32f-4ae5-8f95-7030a7d8a36a,Cameron,Mccarthy,ADMIN,2020-05-03,2020-11-19,False,
6e032855-b598-4229-ae10-2491a2536fce,Russell,Mcdowell,ADMIN,2020-09-29,2020-05-13,False,
f805fd0b-3b02-44f4-98ce-223fcde485a7,Brenda,Palmer,DEVELOPER,2020-03-23,2020-11-25,False,
f8bb54a1-083a-4459-b171-488923fd9364,Hannah,Meyer,DEVELOPER,2020-02-11,2020-03-08,False,
47753899-56c9-456e-9f32-8ea712c94656,Jennifer,Taylor,ADMIN,2020-11-19,2020-02-15,False,
2f08e63b-0d6d-49a3-8ba3-a7d87a48a0be,Elizabeth,Bryant,USER,2020-11-15,2020-08-15,False,
4b52c77a-13b1-43ce-94c1-cbc5c075fade,Courtney,Roberts,USER,2020-10-04,2020-04-20,False,
729a6051-8b2f-4a4e-baf2-1fb802584011,Ronnie,Brown,DEVELOPER,2020-08-12,2020-09-20,False,
1d6f931c-38b1-48cb-bc9d-e8c890b4c1c3,Julian,Stafford,USER,2020-11-19,2020-02-15,False,
736a5c05-2a19-4776-89cf-05d8a7d4e562,Marie,York,USER,2020-07-16,2020-09-28,False,
55b1af49-e9de-4d66-8ffa-f3bf6723cd4d,Peter,Barber,USER,2020-11-23,2020-10-22,False,
40a5eb7e-2c26-4451-b1f8-505d87a3f0e9,Stephen,Cook,USER,2020-06-04,2020-08-17,False,
7611c3a4-c09b-46a9-b747-817fe4b71bfd,Ashley,Kennedy,DEVELOPER,2020-06-24,2020-08-29,False,
e53fe644-177d-487d-85ac-ec0511ddd5d9,Dennis,Howell,DEVELOPER,2020-11-23,2020-04-01,False,
5278996c-3a1b-4d7c-bd60-a34a6b925d4e,Jacob,Murray,DEVELOPER,2020-12-08,2020-12-13,False,
1b390355-fb3a-478c-9b40-2293a7f20e32,Karen,Miranda,DEVELOPER,2020-08-15,2020-12-10,False,
2b660b01-47dd-495c-8718-d30b4f26c28d,Matthew,Randall,DEVELOPER,2020-10-05,2020-03-06,False,
6a73f636-2dbe-4399-bae7-780d3633fd22,Martha,Mccullough,DEVELOPER,2020-12-06,2020-12-19,False,
ad1ba256-13d3-49b8-910d-35975e19f552,Daniel,Vazquez,DEVELOPER,2020-06-24,2020-03-02,False,
0bd440a7-5ca2-409c-a654-c0fa8b96d157,James,Watson,ADMIN,2020-08-22,2020-04-21,False,
13c0cc2a-a8cc-4abc-9022-4375022a4ed6,Jackie,Hawkins,ADMIN,2020-07-21,2020-06-16,False,
4bbf11fa-cd32-4b86-a608-786f89a2ecb0,Denise,Turner,DEVELOPER,2020-05-27,2020-10-07,False,
7c91adbe-2ff6-45c1-a970-4cbc5427fddf,Kevin,Mcintosh,ADMIN,2020-06-03,2020-04-26,False,
034b8320-525d-48bd-a2ba-2e0656130bbd,Joseph,Price,USER,2020-08-07,2020-10-05,False,
07a0c18b-b5b1-4211-9492-7eff025a6480,Denise,Foster,DEVELOPER,2020-10-18,2020-01-19,False,
6fc2b3ee-e8d2-497e-abd5-95a3d8150398,Daryl,Jackson,ADMIN,2020-06-20,2020-05-09,False,
a3773524-7e78-41d9-9027-7a9051a6ed76,Jacob,Thomas,ADMIN,2020-06-14,2020-01-13,False,
582a9e55-27af-459f-9302-ff288f482b54,Kayla,Avila,ADMIN,2020-12-07,2020-09-11,False,
38e54737-24f5-46c5-bebd-440e36fa9859,Keith,Mason,USER,2020-05-19,2020-04-30,False,
722899a7-ec95-4958-be2d-3b6eaf16aed6,Rebecca,Freeman,DEVELOPER,2020-06-26,2020-07-30,False,
0c462010-9ba9-42ac-87cc-2ecbe8d3bfbf,Mark,Sandoval,DEVELOPER,2020-10-28,2020-11-12,False,
575b785f-5d7f-4bb2-b300-9b04191327fc,Ashley,Hall,ADMIN,2020-03-09,2020-12-04,False,
7be8b878-10b2-4046-8b78-4250f51a3119,Kenneth,Campbell,DEVELOPER,2020-10-21,2020-08-06,False,
f1551d88-7625-4efc-831a-2e4487aa2fec,Megan,Hernandez,ADMIN,2020-04-23,2020-10-24,False,
0b30a776-0eab-467c-968c-4308da2d63b0,Deanna,Owen,USER,2020-11-22,2020-04-17,False,
eef6f281-16da-43fd-9920-b984de97ecd9,Brandy,Chapman,USER,2020-05-20,2020-03-15,False,
b18223de-bb0d-4ede-b89a-c90741acce22,Thomas,Owen,ADMIN,2020-02-25,2020-09-16,False,
b4d4cb00-3d42-4e31-822c-b1f68366e39d,Kathy,Gonzales,ADMIN,2020-08-25,2020-11-09,False,
2250494d-ee25-4941-995e-8105b2562399,Alexander,Finley,DEVELOPER,2020-10-25,2020-08-31,False,
47600cc7-796a-4446-8d5b-f46c58433701,April,Tucker,ADMIN,2020-08-18,2020-07-28,False,
f18d10a1-c298-495a-8fad-6dd6b9411a04,Ann,Welch,USER,2020-10-03,2020-01-27,False,
b68d11b4-d783-4d08-b41b-86b62179a2b2,Edward,Chan,ADMIN,2020-03-31,2020-05-27,False,
5c42308a-adcf-4cb2-9300-7cb55cc91c60,Justin,Johnson,DEVELOPER,2020-06-18,2020-07-19,False,
515a4ec9-5163-4a2d-b16a-82a6c5b7d030,Christina,Steele,DEVELOPER,2020-03-20,2020-01-23,False,
7e46f2bf-b651-4dfa-88bb-8f187f259242,Jeffrey,Grimes,USER,2020-12-19,2020-02-21,False,
9c31d391-34df-4920-94dd-cc319c884756,Joseph,Lee,USER,2020-12-03,2020-05-21,False,
3cb6bdff-aca3-4d74-80bf-46dc07740513,Mary,Clark,USER,2020-10-14,2020-08-17,False,
85e3e68a-ae5b-4a0b-9c0c-8fea11ecdafb,Norman,Holmes,DEVELOPER,2020-05-23,2020-11-19,False,
2df10cc5-336a-4e2c-864e-fe6f73dbd1d1,Kendra,Wade,ADMIN,2020-04-26,2020-12-12,False,
ab358092-4b60-4a23-a689-6f4a96b36e11,Daniel,Williams,ADMIN,2020-02-14,2020-07-05,False,
210afa25-110e-4be2-a5c0-e7818f74c89d,Michelle,Anderson,ADMIN,2020-10-03,2020-01-19,False,
fbbac655-1848-4d1f-9886-6eccfc988840,Dalton,Wood,DEVELOPER,2020-09-05,2020-02-09,False,
2496d918-c590-415c-b4cf-044b4378c6d7,Kathleen,Espinoza,USER,2020-07-18,2020-12-13,False,
b3c43cf3-c5a9-4697-8c8c-8d9d5608ff3c,Cheryl,Williams,USER,2020-12-14,2020-09-26,False,
a0edd1a7-af08-4706-bc5c-5fa7120ae949,Elizabeth,Chambers,ADMIN,2020-12-03,2020-12-12,False,
f40fc416-f2ef-4c30-8075-0eef4fd78707,Ivan,Ross,DEVELOPER,2020-07-28,2020-02-28,False,
0256fa56-fcff-4e0f-a5e5-6d32626d0391,Anthony,Ferguson,ADMIN,2020-07-02,2020-03-23,False,
fd773caf-f7b8-4e9e-8ca2-7eb433c7cea9,Donald,Mathis,DEVELOPER,2020-05-29,2020-08-28,False,
e4e480f7-f935-4f1d-8e30-9362231ac56e,Joanna,Davis,ADMIN,2020-09-11,2020-03-17,False,
c29b134e-86ac-4a6c-b822-b318b90821d9,Timothy,White,DEVELOPER,2020-09-07,2020-05-21,False,
662c20a8-2621-41e3-b894-a9e343ac5d12,Robert,Gonzales,ADMIN,2020-04-05,2020-09-23,False,
b05d38b7-81e2-4969-83a2-9ba5993c998c,Rodney,Ochoa,ADMIN,2020-03-28,2020-04-28,False,
c9a9b2ba-99fa-43f1-b877-2d2a43b65acb,Benjamin,Smith,USER,2020-07-29,2020-09-12,False,
373e67bc-0293-4958-acab-9804d9ab67db,Robert,Weber,DEVELOPER,2020-05-31,2020-03-26,False,
cd087b5b-d1cc-4a30-83bc-2e16f53f6658,Ashley,Obrien,USER,2020-10-28,2020-12-20,False,
7aec0f59-bc7f-4067-8e43-3fb99fd95895,Kathryn,Morales,ADMIN,2020-03-23,2020-06-19,False,
97accf96-cb09-4c5c-8c85-36bc3c6c2002,Karen,Moreno,ADMIN,2020-11-13,2020-09-21,False,
d16bddf6-d1fd-4988-a64e-efcd5be87242,Jerome,Tate,DEVELOPER,2020-12-01,2020-11-04,False,
73471c3b-ffde-4fc6-af76-477f56854ea6,Robert,Hill,ADMIN,2020-03-12,2020-02-23,False,
6d36e7d8-79d3-41dd-9100-3a239d8901e9,Kimberly,Brown,DEVELOPER,2020-02-29,2020-10-23,False,
03b91be5-9f25-48ba-aebc-8eb02f5c59d4,Joseph,Collins,DEVELOPER,2020-01-28,2020-06-29,False,
c170b306-7980-4e5d-81f3-3eed266bc719,Carolyn,Hernandez,ADMIN,2020-12-14,2020-06-26,False,
787e688c-7308-4a97-b3ff-e6c3d14f007c,Sarah,Castro,ADMIN,2020-07-09,2020-10-01,False,
14f4a960-c582-4e47-a88a-8bee881df9ec,Sandra,Day,ADMIN,2020-03-18,2020-04-03,False,
1d7d101d-3f2a-4584-b276-ba511b866646,Jessica,Park,ADMIN,2020-01-16,2020-07-25,False,
eb0ea885-9e54-446e-9f03-b4f9ddb441a1,Jaime,Hardin,USER,2020-07-21,2020-07-05,False,
d37df820-b7b5-4e3e-9ca1-bf1f914cce6b,Nancy,Adams,ADMIN,2020-01-21,2020-09-13,False,
46a975ad-00b9-47ae-9bf7-01b8e0dd1e7c,Cynthia,Wright,DEVELOPER,2020-01-15,2020-10-28,False,
e247974d-f82d-4798-ba9b-9bf4e2133e96,Glen,Moses,DEVELOPER,2020-12-02,2020-08-07,False,
a96e3560-2b9b-4db1-a90a-860902892589,Michael,Smith,USER,2020-01-31,2020-06-26,False,
f22e7174-5521-4a5f-84a8-9a9642483647,Steven,Woods,ADMIN,2020-10-29,2020-04-18,False,
44be2ee7-1e75-4b69-8019-8c654747cc4f,Christopher,Montoya,ADMIN,2020-05-18,2020-01-01,False,
eeaff07f-6c67-4d78-aef9-2bf32abb9678,Norman,Green,DEVELOPER,2020-03-16,2020-01-31,False,
17d9820f-2082-4528-ac63-2585cdd5f294,Noah,Guzman,ADMIN,2020-11-07,2020-11-23,False,
d0f45ca2-b673-414c-b645-0885fd95e062,Matthew,Summers,DEVELOPER,2020-04-28,2020-09-11,False,
2eb0101f-b6a3-4cfb-9c1f-b74f3b98fb32,Nathan,Hill,USER,2020-04-11,2020-05-18,False,
38c4a6f5-4c1c-48a1-8fb1-6afdf807c5d8,Gerald,Estrada,DEVELOPER,2020-09-30,2020-07-11,False,
b89feb86-2aa4-43f1-8650-e5752f1f7377,Nicholas,Green,ADMIN,2020-09-11,2020-06-04,False,
ca692064-e6c3-48b2-83e8-8f9c571096cd,Tyler,Giles,DEVELOPER,2020-05-17,2020-05-20,False,
b1d1cd62-9a20-4eed-a74f-6cae07b4a25d,Marie,Phelps,USER,2020-08-22,2020-04-17,False,
640c3ffb-f7f9-42d0-92a3-aed3af92d392,Cody,Lowe,ADMIN,2020-03-24,2020-01-26,False,
bcda4880-eae6-4edd-9da3-8f0120522e20,Julia,Stuart,USER,2020-03-29,2020-06-10,False,
3230cf42-157f-40b8-a275-b9011578cd64,Karen,Peters,ADMIN,2020-08-16,2020-12-14,False,
2d298df7-d202-405e-bb2d-35d047c36298,Laura,Scott,DEVELOPER,2020-12-21,2020-06-23,False,
a42a40bb-280a-4dcc-afe0-c71a70cac70f,Jonathan,Moreno,USER,2020-08-03,2020-01-28,False,
1238a882-ddd5-438b-9ecb-286b32412acf,Teresa,Humphrey,ADMIN,2020-06-10,2020-07-04,False,
41e39471-dc12-46fb-96ca-ceee1477f197,David,Graham,DEVELOPER,2020-03-08,2020-09-10,False,
6f4543a2-4e56-4351-8fa4-9a0886f06228,Katie,Adams,USER,2020-08-19,2020-03-26,False,
0686c597-4322-40a0-b650-b5efcf53f18b,Renee,Rose,DEVELOPER,2020-10-18,2020-08-06,False,
044eae97-a591-41b7-a0e0-b04c6dea98cc,James,Richard,USER,2020-05-10,2020-03-10,False,
a96c9bb1-2c48-4f9e-862b-5786efab092b,Diana,Moore,DEVELOPER,2020-08-19,2020-04-08,False,
d468def9-01a0-4d5d-aa71-fedb1ac924e5,Jennifer,Rodriguez,DEVELOPER,2020-10-15,2020-09-28,False,
ff888894-b88c-4aa2-a09a-4e48df93f240,Michael,Wade,ADMIN,2020-11-16,2020-09-04,False,
b7944024-c234-4742-b5b3-3458df77d4e6,Kevin,Salinas,ADMIN,2020-07-01,2020-07-14,False,
246d703c-9ebe-4cd4-8635-d9469a459289,Thomas,Morales,ADMIN,2020-10-21,2020-06-05,False,
8925fe7b-5308-47cd-9e13-8a6295ad1cf8,Kathleen,Kelly,USER,2020-01-23,2020-08-24,False,
42d0736e-aac8-44cf-a504-b8cfcf90b92e,Danielle,Young,DEVELOPER,2020-03-21,2020-12-02,False,
0701cdd4-d34c-4a5b-ae6f-f7b162e75b04,Kayla,Young,USER,2020-04-23,2020-08-13,False,
c677ccd9-84f4-49c9-827c-e7999a937bd1,Crystal,Adams,USER,2020-11-25,2020-07-04,False,
abe29fe8-c517-4fe8-b4f4-68c72a8744e4,Andrew,Johnston,USER,2020-10-31,2020-03-01,False,
40889c2e-76a1-4edc-b7ed-7e1269a0119b,Andrea,Miller,USER,2020-01-16,2020-06-18,False,
e7a0f032-f0a2-4fdb-b3bd-62396982c862,Christina,Mcdonald,USER,2020-03-28,2020-05-01,False,
1487d94e-771e-4812-9f46-6cec12713c87,Bruce,Jordan,USER,2020-09-23,2020-02-16,False,
f7989179-1967-4649-b73f-9693c6dd63f3,Jennifer,Rodriguez,ADMIN,2020-02-20,2020-12-01,False,
4d73a76c-caa8-4df0-8e0c-5184444fe82b,William,Reed,ADMIN,2020-06-25,2020-01-20,False,
23f62036-697e-4201-952b-7408d5c8ed74,Sharon,Smith,ADMIN,2020-10-29,2020-04-07,False,
85d9265a-a25a-417d-a24f-696a59a71835,David,Shaw,ADMIN,2020-10-24,2020-11-16,False,
fd84e186-8d3f-4c89-89de-824bd0df4773,Jeffery,Ortiz,DEVELOPER,2020-05-16,2020-11-06,False,
f5b22b17-4fe3-40ca-9cbe-d8568c660a71,Richard,Navarro,ADMIN,2020-06-21,2020-09-01,False,
c6d9f49b-c16e-4693-a2ae-32bccf521d96,Lisa,Brown,DEVELOPER,2020-09-20,2020-11-29,False,
202891d0-d8bb-439e-9a07-5f1849492621,Gary,Hampton,USER,2020-07-15,2020-03-17,False,
a7879741-74f7-4f25-8b58-23882dbb3800,Justin,Stanley,USER,2020-08-12,2020-12-11,False,
ee88fd06-1ea9-41c0-9e00-c8a0553901d2,Laura,Mckenzie,ADMIN,2020-04-16,2020-08-17,False,
aa4a3b9b-86fd-4ebb-a2b2-173521191feb,Yolanda,Williams,USER,2020-09-03,2020-11-09,False,
30fd737b-8ffa-4210-841b-90a2cb76ca3a,Pamela,Clark,DEVELOPER,2020-09-08,2020-12-21,False,
85917167-a8a2-4615-8b0b-5fbcd1689c48,Debra,Drake,USER,2020-05-05,2020-02-06,False,
5dd13e0b-3f58-4430-9e92-aa01d4434dcb,Tanya,Evans,USER,2020-01-19,2020-03-29,False,
8de593ce-5fa4-4325-ac20-325e9bd591c2,Shawn,Carter,USER,2020-06-30,2020-08-05,False,
3d47bc93-4ad7-42bf-ad1b-fc5d0bcdd322,Amber,Anthony,USER,2020-09-28,2020-09-01,False,
0721a756-4095-4cd1-9a0c-42d27600e109,George,Peters,DEVELOPER,2020-10-04,2020-07-08,False,
2bf87cc5-d67d-4c9c-a9b4-07dbb3fba35a,Joshua,Stewart,DEVELOPER,2020-04-03,2020-11-12,False,
7e7ddb66-e108-4bf4-87b9-8c1b3c44392e,Monica,Kennedy,ADMIN,2020-03-22,2020-06-29,False,
b7d6cfca-9fbe-400c-b60e-1d28e95a6682,Gloria,Walton,USER,2020-10-07,2020-11-24,False,
e3cecd44-8f96-4b1e-836d-a7bbeb59d034,Allison,Martin,ADMIN,2020-12-22,2020-04-17,False,
003ca809-40b6-4b00-aff7-9927bb40fa40,Erin,Jacobs,USER,2020-11-01,2020-04-01,False,
202481c7-02a0-4bdd-b682-a04b67284ec1,Karen,Chambers,DEVELOPER,2020-02-07,2020-08-31,False,
08cba676-dce8-4067-8bf0-7533df845604,Jennifer,Baxter,ADMIN,2020-05-27,2020-02-09,False,
3f90bc0b-7642-4e58-a73b-f7b122c59837,Cory,Martinez,DEVELOPER,2020-04-01,2020-03-06,False,
d7aa70b1-253a-4a92-b478-d9e54f487bb8,Roberta,Martin,ADMIN,2020-07-24,2020-06-16,False,
9c437dcb-45ae-4b0e-8197-3feb1f4d7f17,Erika,Lindsey,USER,2020-10-19,2020-07-06,False,
f0830465-4557-40f1-a126-01c2373c7445,Darren,Sanchez,DEVELOPER,2020-03-01,2020-06-14,False,
45ec0e42-17f7-44ad-89f4-de5ee805c4a8,Christine,Waters,DEVELOPER,2020-01-06,2020-10-10,False,
8f7d0065-afbd-4335-94f9-11ea8dca6638,Jacob,Rodriguez,ADMIN,2020-11-14,2020-10-06,False,
7679ad7e-e7e6-487f-897e-f9cef89c848a,John,Fisher,USER,2020-09-22,2020-06-12,False,
753880ca-5934-4d38-8d94-43292ad7a879,Judith,Smith,USER,2020-04-01,2020-07-30,False,
d445e8d6-aa13-4b5e-8e51-2e19fc2a5ad8,Amanda,Mcintyre,ADMIN,2020-04-24,2020-01-03,False,
6f5d9a1d-054d-4a54-8e6f-84853aea93aa,Victoria,Carter,DEVELOPER,2020-10-17,2020-10-14,False,
5474b9e8-6801-4b9b-8587-e3cd396b9b0e,Brian,Carr,DEVELOPER,2020-11-05,2020-02-12,False,
2479b2a0-d5ff-436e-8277-91fb0d626fee,Michelle,Johnson,ADMIN,2020-09-22,2020-10-09,False,
6f837ba1-e097-4746-9c67-352aa05832fe,Daniel,Davis,USER,2020-10-16,2020-05-24,False,
0a861a3a-0971-48b6-8229-7b1830b3edc9,Robert,Byrd,ADMIN,2020-10-22,2020-05-11,False,
7a3cb689-23f9-497c-b657-ae16f3e90ab1,Rodney,Kelly,ADMIN,2020-11-03,2020-11-07,False,
c3748f61-fc5d-4fc9-9a8f-9b0dccf39b3e,Craig,Marquez,ADMIN,2020-07-30,2020-10-27,False,
435269e3-adc2-405b-bbab-b5d205291f2e,Monica,Bryant,DEVELOPER,2020-12-05,2020-09-12,False,
6b1619b7-2750-4aca-9878-dae379589fa6,Tanner,Rivas,ADMIN,2020-04-16,2020-08-26,False,
17b37eaf-6530-4bbb-aeb4-dc04087be90f,Jennifer,Stevens,DEVELOPER,2020-11-27,2020-11-26,False,
3c9360dd-cd7d-43de-a182-0c5558ef500f,Maria,Higgins,USER,2020-09-01,2020-05-10,False,
73e8880b-a57a-4285-a279-7fb05fa52d73,Shirley,Johnson,ADMIN,2020-08-06,2020-10-26,False,
a451b432-d5af-43cf-baad-2dae14a878c5,Hannah,Diaz,DEVELOPER,2020-02-24,2020-02-08,False,
45999abd-2b83-449c-8f7f-094fe1811bd6,Bryan,White,USER,2020-08-08,2020-10-28,False,
942bab36-fb2f-4b0a-9b60-42e99f278d35,Katelyn,Johnson,DEVELOPER,2020-12-02,2020-10-15,False,
0a835383-1b1b-434e-bc38-eeead6b7315f,Sabrina,Evans,USER,2020-12-17,2020-06-27,False,
70a0d656-d07f-4e77-ae0d-c6e2edf4678c,Sharon,Lawrence,ADMIN,2020-03-30,2020-09-20,False,
8692ef87-0799-4df8-9b20-22b6bd5c6729,Kimberly,Barajas,USER,2020-04-03,2020-10-12,False,
999a4095-6003-4199-b867-dbc0b655c49b,Ian,Thomas,ADMIN,2020-08-06,2020-03-16,False,
a10499dd-e5f7-4b91-864b-b2d357bc0925,Brian,Hansen,DEVELOPER,2020-08-15,2020-12-15,False,
4fec7c3d-3547-41f4-a7e6-b4bb340d08bc,Matthew,Price,DEVELOPER,2020-04-30,2020-07-24,False,
4f7acc2b-2e2e-4b34-b6a8-cfe2e65ac130,Jose,Rodriguez,ADMIN,2020-01-03,2020-01-16,False,
e4563bc8-54ca-4e61-99d2-b7c593b04e2f,Kevin,Jenkins,DEVELOPER,2020-09-15,2020-03-22,False,
76b3ef96-78eb-44cc-9b20-8982e76f5451,Aaron,Gomez,USER,2020-04-14,2020-11-27,False,
2250c966-5aa0-41df-8db4-55966225894a,Terrance,Martinez,DEVELOPER,2020-03-25,2020-01-09,False,
58634429-3ca8-478d-bebb-81c2b99db3a1,Brad,Blake,USER,2020-06-05,2020-12-19,False,
5c9aaeea-ed2d-4ac3-93f6-58ac0d262b20,Robert,Wilson,DEVELOPER,2020-10-23,2020-02-11,False,
5c23ccc0-6449-48ae-8455-aa8ed63043ed,Renee,Cunningham,USER,2020-08-04,2020-02-12,False,
079b1a8e-a77b-489d-8727-59f31a83f38f,Michael,Murphy,USER,2020-05-15,2020-08-26,False,
4747ec89-3e31-4ab5-99b7-1c0520ec3f45,Dominic,Roberts,DEVELOPER,2020-10-04,2020-08-12,False,
fc26966c-ecf8-464b-b19e-012cdb28958d,Natalie,Roberts,ADMIN,2020-10-13,2020-12-11,False,
10706084-69b5-455d-b079-6210c96973af,Jacob,Ramirez,DEVELOPER,2020-11-22,2020-08-23,False,
16c5fba7-132d-49df-9573-071a82e4c41b,Jillian,Dawson,ADMIN,2020-08-22,2020-02-12,False,
6a9a4a54-fd23-4d37-8804-20bb2a413f62,Stephanie,White,DEVELOPER,2020-09-07,2020-11-18,False,
e43c53a4-4154-4253-bea4-bee5cf0c1dd5,Anthony,Davis,USER,2020-11-03,2020-05-28,False,
ddf5c942-8709-4195-ad66-4f227f1060ac,Steven,Shields,DEVELOPER,2020-02-05,2020-08-02,False,
dd175956-2d32-4c9b-9bfc-5436a5abcc64,Keith,Golden,USER,2020-12-02,2020-09-02,False,
8f874616-e0a5-4152-8a41-8831008dac3d,Tammy,Michael,ADMIN,2020-01-19,2020-02-04,False,
96947aa2-e5bd-4d0b-8466-0d5fdba4ace8,Lisa,Wells,DEVELOPER,2020-09-09,2020-01-27,False,
974c1baf-db85-4cc0-998e-c7d4c89e0880,Luis,Rice,USER,2020-08-16,2020-05-05,False,
9806559a-e848-4ee9-947e-c808deda0df0,Jared,Nelson,USER,2020-12-12,2020-09-17,False,
05eb9cef-663e-4439-868c-8b33f87301bb,Gregory,Page,USER,2020-02-20,2020-07-25,False,
f06e1ecc-f839-4132-bd82-532dde6def59,Dana,Mcpherson,ADMIN,2020-07-27,2020-11-12,False,
5c22c16c-f0ab-4682-ac00-9f195de30554,Heather,Davis,ADMIN,2020-01-15,2020-01-06,False,
a4366209-d4b5-4518-96d0-2a9305abd476,Eric,Washington,ADMIN,2020-12-18,2020-01-31,False,
cf66cde6-45c3-4015-afab-daf1d96bac67,Holly,Cooper,USER,2020-12-17,2020-08-20,False,
be51cca4-1ef2-496d-9b68-c2370dbed515,Robert,Lee,DEVELOPER,2020-04-20,2020-07-12,False,
34b0fe10-71c1-47e8-a611-95d897397623,Claudia,Kelley,DEVELOPER,2020-05-30,2020-08-12,False,
e5772f66-6006-4074-badf-8247af0467fb,Casey,Avila,USER,2020-06-18,2020-10-01,False,
90bb7b35-54d5-4b53-b447-c3f1a8b5a29f,Mike,Griffin,DEVELOPER,2020-12-05,2020-01-13,False,
f785f0e5-401d-4df4-8897-f5cb7124c69c,Jason,Brown,ADMIN,2020-05-22,2020-07-17,False,
5ce8e1b0-5a23-4c79-bd72-06b65bc63679,Bethany,Monroe,USER,2020-01-10,2020-07-20,False,
f9c18730-7ef2-4eda-8069-abeef566a2f0,Cheryl,Ross,DEVELOPER,2020-06-18,2020-08-23,False,
5f157542-3f6b-4281-a07b-eb1f60103364,Tracey,Bailey,ADMIN,2020-03-31,2020-07-20,False,
365b4736-32ef-4347-9b82-929b556f5df6,David,Palmer,ADMIN,2020-07-12,2020-09-05,False,
2c422dd8-db63-4d77-996a-d07c0e12ab10,Dylan,Cisneros,DEVELOPER,2020-02-09,2020-08-09,False,
8811368a-d03f-4755-8abc-dec217a2e663,Mary,Ruiz,USER,2020-04-05,2020-03-18,False,
9e4824fe-de46-485f-9e75-de23ba367bce,Stacey,Sanders,DEVELOPER,2020-08-15,2020-06-11,False,
3f6b7959-29cc-4e80-8a39-03a59e1bc6a0,Maria,Hubbard,ADMIN,2020-06-16,2020-09-11,False,
20be1bb0-434c-4e41-99d8-12b2f85e3953,James,Williams,USER,2020-10-13,2020-08-22,False,
32dafc6f-cb49-4250-8fb0-7a323107e55c,April,Golden,DEVELOPER,2020-04-29,2020-10-19,False,
ac8b4c50-5bea-474a-a9ea-1e1c6c67e171,Erin,Graves,USER,2020-07-30,2020-07-31,False,
9062d16e-9a63-4f0c-9e50-fdc2dec0d617,Matthew,Owen,USER,2020-08-14,2020-05-18,False,
9e173639-2ae1-40fc-93e4-a1f56b234d2f,Gavin,Barron,ADMIN,2020-05-29,2020-06-14,False,
1428394b-88a1-4568-93cb-6ec3aef3bd8b,Paula,Castillo,ADMIN,2020-06-15,2020-12-11,False,
7553f9a7-63fe-478b-9dfb-2037b8aeb767,Patrick,Hicks,USER,2020-08-24,2020-06-25,False,
6d0765b8-56ec-4f33-8d53-6e8ea3e66201,Mackenzie,Gutierrez,DEVELOPER,2020-05-15,2020-10-28,False,
66f85702-05a0-4abd-9682-9117a64198e4,Marissa,Holden,ADMIN,2020-11-24,2020-08-31,False,
7f67814d-de5c-4080-bf57-9b01772aa96d,Brian,Lee,DEVELOPER,2020-03-21,2020-09-24,False,
093ad207-6b5a-4c4f-ba63-c0ecb0b58488,Kayla,Ortiz,DEVELOPER,2020-11-09,2020-10-26,False,
f657b7ff-9f3f-420c-a116-a6e4569f8c0d,Lorraine,Martinez,USER,2020-03-10,2020-06-02,False,
0558ebdf-b917-4510-9732-a1af1cf5ac8d,Joseph,Johnson,DEVELOPER,2020-08-18,2020-02-28,False,
b0a16a94-059c-4850-aca5-3836496f1c6e,Diana,Wolfe,DEVELOPER,2020-07-25,2020-07-02,False,
d43cd1c9-2c6f-4830-9689-10bee129651b,Peter,Dunn,ADMIN,2020-08-26,2020-03-07,False,
c700d59e-51b5-43e6-9d58-8a6feaa2ee18,Michelle,Williams,USER,2020-03-09,2020-01-27,False,
4b129dc8-3152-41ac-ada9-0ef8efacb0e4,Craig,Mccoy,USER,2020-07-07,2020-03-06,False,
83ecc74a-6aea-489c-882d-622510b4db26,Angela,Sanchez,DEVELOPER,2020-05-26,2020-02-24,False,
1418717d-4e57-4f45-9ec2-cabffb9d01db,Timothy,Robinson,USER,2020-07-22,2020-02-27,False,
20644098-38d9-4515-a647-2a77c7ba9cc5,Gregory,Smith,ADMIN,2020-10-09,2020-01-12,False,
3d3e534b-dfdc-45c5-87d2-d95f2ab7e175,Daniel,Douglas,DEVELOPER,2020-08-22,2020-06-20,False,
ca73eadc-7d2b-42dd-8e34-d19bb1c61cf7,Denise,Novak,ADMIN,2020-10-31,2020-01-03,False,
44b65f1c-dce3-452c-86b3-ac4f91d6b778,Cindy,Johnson,ADMIN,2020-05-24,2020-01-27,False,
a1ff8650-0093-44f2-8020-259b9cc46278,David,Green,DEVELOPER,2020-08-16,2020-05-12,False,
e8983282-ba6d-4201-be94-f6fd69fa8887,Robert,Goodwin,USER,2020-11-30,2020-05-12,False,
c38aa249-2581-46ed-b2d1-acb492511b8b,Crystal,Fuller,DEVELOPER,2020-02-29,2020-02-08,False,
5712ab0f-b0ca-463a-9c30-13750fecc1bd,Nicole,Hernandez,USER,2020-09-01,2020-06-08,False,
88777276-6c73-4a61-a71f-247294ffaa0f,Haley,Johnson,ADMIN,2020-07-16,2020-06-16,False,
1e3a2cdc-b963-4609-82d0-7c784f6cb3fe,Gregory,Torres,USER,2020-09-24,2020-01-27,False,
5fbe887b-3f8e-445e-98ac-569d832ad6d9,Lori,Arellano,ADMIN,2020-04-26,2020-04-06,False,
d3ce7a8f-af14-47d4-9237-f206a02ecb2c,Kelly,Marshall,ADMIN,2020-08-25,2020-10-20,False,
e9ed9d00-24f6-4b25-86e7-570807bdef32,Crystal,Johnson,DEVELOPER,2020-02-21,2020-12-08,False,
08125546-18fb-4de5-8c2e-4747e5cce472,Shelley,Curry,ADMIN,2020-01-23,2020-05-07,False,
8fe4513c-7332-4c3a-983c-0141b2e60243,Mark,Bradford,USER,2020-10-19,2020-11-01,False,
081eb2d3-1cd4-4313-8552-17418a2cde30,Christina,Lewis,USER,2020-04-20,2020-06-30,False,
c8b6be9c-6e6e-402c-80f5-40bb4846d65b,Jennifer,Davis,ADMIN,2020-02-12,2020-09-23,False,
845ffe3f-0e45-4f8e-a4f3-4afa377a3ad4,Susan,Fields,ADMIN,2020-01-12,2020-02-08,False,
75b1b222-8890-4eec-a1d9-31058f5832da,Renee,Bowman,DEVELOPER,2020-03-02,2020-04-18,False,
31b11ad7-5b48-4d19-8766-3eb12e56bf69,Jeremy,Mason,ADMIN,2020-04-07,2020-04-01,False,
53f23d0f-bf74-463d-a9b4-c126fd569e72,Trevor,Elliott,ADMIN,2020-10-11,2020-09-06,False,
9ffe3597-b706-47be-a8fd-974192c86b7e,Ryan,Flowers,USER,2020-09-25,2020-09-28,False,
0912ac89-4698-4441-8638-1e716bc7f5b8,Michelle,Campbell,ADMIN,2020-09-03,2020-02-06,False,
ccd4faf7-716c-4004-b3c2-a0bf8fbcc63e,Christine,Lowe,ADMIN,2020-03-28,2020-09-08,False,
0ce30232-1b44-4609-b893-e1dc20d1efc4,Joseph,Byrd,ADMIN,2020-05-19,2020-07-13,False,
aa04a8a0-1673-44aa-866b-0111df8ba4f9,Cynthia,Frank,ADMIN,2020-07-22,2020-11-19,False,
7e3b70bc-bd9a-403c-a7d0-4801c4fc6068,Jennifer,Wilson,DEVELOPER,2020-12-04,2020-10-26,False,
bad1b78f-b609-43ba-b86f-f3048c54363f,Beth,Ochoa,DEVELOPER,2020-08-06,2020-04-23,False,
e636887e-1827-421b-be0f-683b803c8bb1,Madison,Baker,DEVELOPER,2020-11-07,2020-12-16,False,
eb167dff-2ebe-4c34-bfd0-173e7324cf66,Felicia,Guzman,DEVELOPER,2020-07-21,2020-12-22,False,
ce3811c3-88b8-4c9b-b762-11d97d280ffe,Jennifer,Moreno,ADMIN,2020-02-14,2020-01-20,False,
9fa9883b-8693-429f-9657-4c73e5c7777d,Regina,Garcia,ADMIN,2020-12-16,2020-04-16,False,
2e5a72aa-ef33-4795-ae00-b076a671fd1a,Elizabeth,Harrington,DEVELOPER,2020-11-11,2020-05-19,False,
916f6948-c610-437c-9aac-4a504e0e1fea,Daniel,Obrien,USER,2020-01-11,2020-12-02,False,
b3863968-067e-47b8-91eb-7f163e8d7876,Steven,Hughes,ADMIN,2020-07-21,2020-07-26,False,
876efec2-ff4a-4edb-b964-8573efab407b,Lisa,Soto,ADMIN,2020-04-14,2020-02-05,False,
49d24723-f474-4e95-835c-c2a0cf68c558,Christopher,Wilson,USER,2020-02-28,2020-11-06,False,
a6001e32-4764-45c0-ba39-70818c76744a,Lindsey,Simpson,DEVELOPER,2020-03-18,2020-10-24,False,
365aab4c-d60e-40d0-82a2-434a34b9fd6c,Vincent,Carlson,ADMIN,2020-01-25,2020-11-07,False,
8d9b8460-bbee-4d8d-a833-099f0f5001a1,Bradley,Miller,DEVELOPER,2020-01-21,2020-01-24,False,
b799c263-0da8-45b8-ab18-9616d8e81a4c,Christine,Gutierrez,USER,2020-03-26,2020-06-11,False,
8ddd198e-1f79-402a-af1a-21cac0d2ee32,Marie,Warren,ADMIN,2020-11-26,2020-04-16,False,
58e0f6e1-7be6-436e-a0b8-fb1a9c9d36be,Ryan,James,DEVELOPER,2020-09-09,2020-04-17,False,
bef398c7-ca1c-4d4f-94d5-15e54153d3c6,Jennifer,Simpson,USER,2020-01-17,2020-05-23,False,
9af2e0f7-811e-4520-9152-d66c5753eddd,Jessica,Brown,ADMIN,2020-03-10,2020-12-05,False,
ab815b6e-d190-4610-bb99-aa4491913f4a,Richard,Hunt,ADMIN,2020-04-30,2020-07-20,False,
1be9af31-a166-40a3-8501-ba0ba3faf234,Lucas,Carter,USER,2020-01-01,2020-06-20,False,
5e96de60-ef80-4f1a-bc7a-aecdd79be00a,Aaron,Davis,DEVELOPER,2020-12-19,2020-09-30,False,
325352bf-8d70-462a-94b4-1941f12ef991,Rhonda,Young,ADMIN,2020-01-13,2020-05-30,False,
61a89d51-cea8-4c2c-be3b-5c66311a181a,Lindsay,Garrett,ADMIN,2020-07-14,2020-08-18,False,
fca77cdc-609d-498c-a91d-9f7b6faab968,Aaron,Walters,USER,2020-07-17,2020-04-21,False,
75f96dfd-a711-4528-9fba-e46f4ab574ab,Jessica,Baker,USER,2020-09-01,2020-10-09,False,
5d743e95-ffbc-42cf-bb0f-66e3b0b42c6d,Darren,Morgan,USER,2020-03-23,2020-06-12,False,
d86e1a37-46ea-4455-846d-095e7e7d49f6,Carlos,Watkins,DEVELOPER,2020-05-23,2020-05-29,False,
3452593c-10e7-4a29-a44e-f612b9d40302,Barbara,Berry,DEVELOPER,2020-04-14,2020-05-07,False,
f9b5031b-3f26-4bb1-a9cb-93abb8e1c506,Jamie,Fisher,USER,2020-02-15,2020-06-26,False,
ed75d02f-c36c-4d48-80be-5f7e070c9d63,Adrienne,Silva,DEVELOPER,2020-01-30,2020-05-06,False,
cd17b879-136e-4943-a6ae-a9407c6b69eb,Billy,Smith,ADMIN,2020-05-16,2020-02-25,False,
0af20c36-98d2-4b8e-a00e-a86fd3111591,Lauren,Rice,DEVELOPER,2020-03-18,2020-09-14,False,
fce3a845-71e9-4e6e-b441-51293e3b6683,Jacob,Reese,USER,2020-11-20,2020-12-09,False,
d9e7d68c-55a9-4c7e-8e03-93bef2c9b728,Xavier,Higgins,DEVELOPER,2020-11-23,2020-05-22,False,
99c9e5f4-06b4-48fe-87fe-cfe276fd5587,Taylor,Flores,ADMIN,2020-12-16,2020-12-14,False,
e8aaa13a-3b7d-49e1-beab-db9563359227,Ashley,Gomez,DEVELOPER,2020-05-12,2020-05-12,False,
97b2639e-0c63-4d2f-abf4-3bec17932101,Heather,Lee,USER,2020-12-07,2020-04-27,False,
e5b5c5b9-0cb4-4361-a6c7-00ee7f43e0fe,Frederick,Anderson,DEVELOPER,2020-05-18,2020-10-14,False,
b40fc869-84a1-4ff1-a339-a9b8049001d5,Kristin,Collins,ADMIN,2020-10-04,2020-07-02,False,
33f9de1d-85b9-4eb3-94b5-7d5182963c31,Jesse,Patterson,DEVELOPER,2020-02-28,2020-04-18,False,
47ecd840-6e46-427a-9a79-02b6c29ffa33,Christina,Powell,ADMIN,2020-01-07,2020-05-23,False,
3f991218-3e92-47da-95e2-6a58e060e96f,Daniel,Montgomery,ADMIN,2020-11-15,2020-09-28,False,
cc273b1b-eeb4-4f83-bcc7-4fbec310425f,Spencer,May,ADMIN,2020-06-29,2020-02-25,False,
84bed1d4-ff8a-4819-9796-b6b493aafc0d,April,Alexander,USER,2020-06-08,2020-06-26,False,
7fd5e67e-3f5f-40c7-a9d4-9933bbdae000,Paul,Solomon,DEVELOPER,2020-01-29,2020-09-21,False,
3c3e87c5-5fe2-4bb4-97ce-dd884d58a944,Bradley,Poole,DEVELOPER,2020-10-17,2020-09-12,False,
7122b202-8f72-4804-848e-d3c9e25b3981,Amanda,Daniels,DEVELOPER,2020-07-18,2020-05-05,False,
5d453161-6535-45af-8701-c8ff5418bfb2,Michele,Ferguson,ADMIN,2020-01-18,2020-11-05,False,
968f8a0e-1ae1-42cd-896e-c0096d67ad2c,Caitlin,Morgan,DEVELOPER,2020-03-26,2020-04-06,False,
f3aa1d20-e240-488d-81f6-deddd3e48b79,Jennifer,Owens,DEVELOPER,2020-11-26,2020-12-02,False,
ce902a9d-ee39-4fcb-a9f1-55fd5ab020e4,Pamela,Bell,USER,2020-09-06,2020-06-07,False,
785f0570-5c5b-434c-a754-235bb9cf3628,Andrew,Walker,USER,2020-03-14,2020-10-16,False,
f3759c57-6510-4262-a45b-9a0e9e567b7c,Mark,Robertson,USER,2020-04-21,2020-10-27,False,
91a318b8-9875-4b64-94c4-c6e5e1a15804,Cheryl,Rivera,USER,2020-07-09,2020-02-15,False,
3f5fc36b-bc22-4a83-88c0-84e1496e6ed6,Sharon,Roberts,DEVELOPER,2020-08-18,2020-05-05,False,
7e1815d6-88c8-4b37-bde7-29e645a09140,Jeanette,Horton,USER,2020-07-01,2020-01-03,False,
f6973491-e0a0-487a-97ea-5fe0a4582c1d,Harry,Davila,USER,2020-03-26,2020-01-05,False,
0268ab01-25fc-4fd0-ae47-492332c26507,Jeremy,Guerrero,USER,2020-10-19,2020-06-03,False,
1a223307-d9c9-4b5a-889e-28ce2cd44719,Tara,Simmons,ADMIN,2020-09-08,2020-10-30,False,
c9ed5b10-5336-4b2f-a8b1-658808c89ed2,Lindsay,Contreras,ADMIN,2020-07-11,2020-02-29,False,
7c9fcc6c-ea09-4bd7-987d-1f65a30e9e29,Rebecca,Esparza,ADMIN,2020-09-11,2020-04-07,False,
2be48ecd-e0c2-4d99-829f-c9e2819d2bde,Christina,Mason,ADMIN,2020-06-10,2020-06-17,False,
c1a7da76-747d-4f9c-87aa-879380c4f377,Samuel,Jennings,DEVELOPER,2020-04-11,2020-09-07,False,
1b0fe37e-d2ed-4472-ba0e-0f62c047201d,Steven,Garcia,DEVELOPER,2020-02-15,2020-12-08,False,
65634f86-7dac-442b-a16e-3ef60c03c034,Herbert,Robinson,ADMIN,2020-10-30,2020-08-09,False,
f6394272-6055-4e1f-878b-ca1ac3f997de,Sharon,Bush,USER,2020-10-02,2020-06-01,False,
c56b17ab-95c8-462d-b15b-4ef8418143af,Paula,Colon,DEVELOPER,2020-07-16,2020-01-21,False,
2945d844-7ef4-451f-bcbc-f8bc81b0d6e1,Zachary,Schneider,ADMIN,2020-08-24,2020-08-21,False,
16716f5a-f65a-4ddb-9353-5a298de69834,Martin,Mueller,ADMIN,2020-03-19,2020-11-04,False,
dccbee5a-e907-44d5-83f3-fae3d6020fed,Carolyn,Richmond,USER,2020-09-22,2020-08-24,False,
63e3dbc1-ca52-4520-8ed3-a7ffe6553e11,Willie,White,ADMIN,2020-05-10,2020-10-23,False,
d09084e9-6747-4c5c-b984-169a59ffd67c,Gina,Wilson,USER,2020-11-06,2020-02-03,False,
513c64f1-ee40-4cdd-bf85-19c4f47298f3,Jose,Jenkins,ADMIN,2020-03-21,2020-11-24,False,
da10e8a4-460e-40e8-8030-75b06122da10,Jessica,Parker,ADMIN,2020-09-12,2020-10-09,False,
3ef2267d-b739-4911-b0c4-134724c745c9,Christopher,Lane,DEVELOPER,2020-08-20,2020-12-21,False,
efe00e80-82a3-4e35-9036-2fa2ec47a51a,Anthony,Walters,DEVELOPER,2020-07-17,2020-04-08,False,
d6ecb025-b0da-4e77-ad9d-93ca3b19f420,David,Strickland,USER,2020-03-28,2020-11-21,False,
7434f177-73d3-470a-be1c-adca9da1d2b0,Elizabeth,Anderson,ADMIN,2020-05-26,2020-04-17,False,
332ee300-5a14-4600-8ab8-045d64aa4072,Michelle,Burke,USER,2020-05-25,2020-04-07,False,
a123d87b-499c-47a6-abe8-05e79e437f4d,Drew,Mccall,ADMIN,2020-09-08,2020-08-22,False,
f9d7152e-ace9-4ff5-abcc-fbd1fd0ef7ae,Aaron,Campbell,USER,2020-06-22,2020-03-16,False,
a3c731ab-9601-491a-bbd1-05c93403e2cd,Claudia,Gibbs,DEVELOPER,2020-07-09,2020-01-09,False,
09abc1fd-20dd-4d60-9fe1-d538b720b1e4,Roberto,Miller,USER,2020-06-21,2020-07-19,False,
f490445c-b66d-485c-99d9-e2137a8cedb2,Jesus,Carroll,ADMIN,2020-10-04,2020-05-23,False,
be322e5c-257d-4fc4-9f4f-e07464cb9bb5,Jacob,Adams,ADMIN,2020-05-31,2020-08-18,False,
56fe0306-f7b8-4a34-92c3-5795e7aec7c6,Sarah,Jackson,DEVELOPER,2020-09-25,2020-02-11,False,
7092fe9b-c663-4203-9394-81b93f2966fd,Monique,Maynard,DEVELOPER,2020-07-11,2020-12-22,False,
b9450995-e254-48d9-95e1-e9239e3ab0b1,April,Hill,DEVELOPER,2020-11-28,2020-09-12,False,
c3cd6392-2888-4dc0-a467-e324024eea57,Michael,Henry,ADMIN,2020-06-23,2020-04-15,False,
c817b00c-3c82-4d8c-8126-759aca114e7a,Tiffany,Hester,DEVELOPER,2020-06-25,2020-08-23,False,
7697086d-4de8-475b-8ccb-9a4a73c97da9,Calvin,Oconnor,USER,2020-04-15,2020-08-05,False,
871b44bf-7b9e-4378-a639-7ef530eb6c97,Jillian,Martinez,USER,2020-09-02,2020-05-16,False,
c92e9267-360d-4437-a7d5-309bbfc7d7d1,Andrew,West,USER,2020-06-01,2020-07-17,False,
de34437d-d8be-489f-86b0-967f5751de88,Stephen,Brock,USER,2020-12-18,2020-05-05,False,
7291181e-5d17-4272-afcd-b6c9f15ed9c5,Lisa,Vega,USER,2020-12-19,2020-06-26,False,
22707ea0-e75f-4465-a6c3-35e1a66bdf7b,Brian,Padilla,USER,2020-08-06,2020-06-12,False,
d432e138-c24c-4670-9d55-b1bab895b7d0,Lindsey,Mccann,ADMIN,2020-01-08,2020-04-24,False,
8eea26aa-f688-43e8-acd4-ed7968d81138,Aaron,Jensen,ADMIN,2020-03-29,2020-03-30,False,
33ae8afa-9d3a-4b58-902f-6fd58dde68aa,Craig,Baldwin,USER,2020-06-09,2020-04-03,False,
b467d75b-08ac-42cd-ae3e-fde7cb04ef88,Carla,Summers,USER,2020-05-12,2020-04-13,False,
8c9fea18-7723-4983-b5a9-2415e4257a23,Jessica,House,USER,2020-09-22,2020-05-20,False,
c12f5470-3728-4ad8-8663-8e29862b7004,Carol,Trujillo,USER,2020-09-07,2020-05-11,False,
9e214a7f-b184-4ecc-b08f-c9219f615ee3,Marissa,Waters,DEVELOPER,2020-12-02,2020-08-04,False,
77267e30-9764-481f-950b-37149aba4562,Robert,Williams,DEVELOPER,2020-06-22,2020-04-05,False,
50a961b2-62fc-457f-bc10-1ee7a1535e13,Lori,Barker,ADMIN,2020-07-09,2020-01-21,False,
482de4c1-6707-4388-88a7-2f0faea90acc,Gary,Cook,USER,2020-02-23,2020-07-05,False,
5cb7883f-9d4e-4767-bae9-8301c4e558c0,Joshua,Flores,DEVELOPER,2020-05-05,2020-11-04,False,
72486e03-2602-48cc-bb15-684b6882e8e7,Brad,Johnston,ADMIN,2020-02-16,2020-06-16,False,
7370871d-9b83-4cef-acd1-5fa2c2dd73a2,David,Carpenter,DEVELOPER,2020-04-02,2020-11-07,False,
0752e7e2-d511-4781-81a1-a9e884cb54b8,Amber,Barajas,USER,2020-04-03,2020-03-12,False,
181d6186-ea00-4176-b555-94918ff9b982,Troy,Richardson,DEVELOPER,2020-11-18,2020-06-01,False,
0a249951-d1ca-4e19-9fe0-5f492ed84b66,Nicole,Coleman,ADMIN,2020-06-12,2020-11-03,False,
4f316ba0-fe9d-4bfc-ab07-6b3feea7bb26,Madeline,Johnson,ADMIN,2020-04-19,2020-05-18,False,
e907c1ea-9ada-494d-8465-9b3a002f0c9c,Julia,Hughes,USER,2020-06-25,2020-10-23,False,
001ca05f-8d0a-42df-9e04-7cf618c6f070,Amy,Diaz,DEVELOPER,2020-12-16,2020-01-03,False,
7e0c370f-ee08-4e59-a8b6-0cf64f99010a,Robert,Jordan,USER,2020-06-30,2020-11-21,False,
9790bcc5-560f-4279-afa5-6c8bacf9d8a0,James,Barron,USER,2020-11-15,2020-02-28,False,
082bc0d0-b9f4-4b86-8a94-17ce8b569563,Chris,Palmer,USER,2020-07-13,2020-04-23,False,
214cb5b5-70cd-4372-b35a-21f542c53472,Mark,Carter,DEVELOPER,2020-12-09,2020-10-27,False,
2fab4364-bcce-46e6-9e26-e514e527a08d,Breanna,Wright,DEVELOPER,2020-01-14,2020-12-11,False,
6b19c624-bff0-42e5-ba8f-9c76760d60bb,Courtney,Taylor,USER,2020-06-03,2020-04-04,False,
136e829b-438e-4278-b958-2a63cf981bec,Carrie,Smith,USER,2020-05-03,2020-07-14,False,
8a457f58-8285-453e-abe0-9025af298cf8,Rhonda,Webb,DEVELOPER,2020-08-25,2020-04-08,False,
9c4006db-d15d-4b46-8d01-a8ec13a91208,Christina,Phillips,USER,2020-02-04,2020-04-18,False,
8c7dbad7-d1fe-4b15-b270-a6fb5456e633,Justin,Herrera,DEVELOPER,2020-09-19,2020-02-22,False,
9f399e59-1b13-4649-beab-4dba9510fdb6,Tommy,Todd,ADMIN,2020-04-24,2020-07-02,False,
3d26e442-461a-40ce-b8d8-e5d2e3bee22b,Jeremy,James,USER,2020-07-03,2020-10-04,False,
160ae046-6e25-4582-b452-dcf622c1a957,Rebecca,Montoya,ADMIN,2020-11-14,2020-02-05,False,
9e158281-5d42-4853-8b4e-98d989bd6006,Devon,Cruz,ADMIN,2020-02-01,2020-07-23,False,
49fd1ae9-f2d1-4707-8dc6-c2c066d11c2f,Ryan,Zhang,DEVELOPER,2020-08-05,2020-12-04,False,
211aca5b-3e85-41e0-93ac-f4c33819fa65,Amanda,Patton,DEVELOPER,2020-09-04,2020-08-12,False,
e6762a03-8142-494b-8264-cd1189373427,Wayne,Moore,ADMIN,2020-11-29,2020-08-10,False,
bc5bb26c-9299-4e09-8a57-2104f0c6e98f,Gabriel,Hoffman,ADMIN,2020-12-21,2020-08-28,False,
269f380c-f7e2-4b2e-b1aa-ccf159cef586,Jennifer,Scott,USER,2020-02-25,2020-05-26,False,
63704a6b-c4bf-4bb9-ab62-adf4220e9d5f,Robert,Contreras,DEVELOPER,2020-04-24,2020-03-28,False,
40415767-e843-4543-bd89-7dd96b47acec,Mary,Zimmerman,USER,2020-06-23,2020-04-15,False,
b5fa39aa-dd2f-4eb5-935a-984d9ac1552d,Thomas,Fox,ADMIN,2020-01-21,2020-09-27,False,
f26d457e-5898-48b3-9a9f-d8b233146575,Christina,Bailey,ADMIN,2020-03-18,2020-07-01,False,
fe09851c-54ff-4a2b-b473-ce63b4f82b1f,Gabriela,Simmons,ADMIN,2020-03-06,2020-04-29,False,
85ef7dd2-d844-47ce-b3cd-91205fb689c8,Brian,Thomas,USER,2020-04-21,2020-05-06,False,
d33bb169-abed-41e0-8256-37fe0e1a05d5,Stephen,Johnson,DEVELOPER,2020-07-07,2020-10-21,False,
57a73ace-4ced-407e-832e-3b8869e1d3b8,Jennifer,Kelley,DEVELOPER,2020-09-12,2020-12-11,False,
17c76a61-b3ee-4fc4-bf3b-f187160dfece,Amy,Black,DEVELOPER,2020-04-11,2020-08-03,False,
5e11098b-40cc-4d07-bf91-500246c74793,Adrian,Holmes,DEVELOPER,2020-01-03,2020-01-29,False,
c60f6435-7bbf-47d7-8a37-87ca4da5e94f,Darryl,Santiago,USER,2020-02-15,2020-02-20,False,
c9d76fc9-1295-4bbf-a767-9b47a3126c78,Samuel,Rivera,DEVELOPER,2020-01-25,2020-08-13,False,
eeb52a39-3f7e-477f-97a3-5670eec91397,Erin,Cuevas,USER,2020-09-27,2020-10-22,False,
c53f0027-8c37-44b2-9b2f-d282f7bb56d7,James,Daniels,ADMIN,2020-02-01,2020-11-14,False,
340213ab-6cb7-486d-9b05-e494f2b2a0cf,Adam,Fitzpatrick,DEVELOPER,2020-01-20,2020-08-07,False,
bebc2fbd-6a52-4d4b-9232-52a454499e35,Carrie,Mooney,USER,2020-03-24,2020-05-21,False,
956abb5d-72da-43c0-b271-5795717d6f11,Andrew,Montgomery,USER,2020-04-20,2020-08-19,False,
36a2f3b4-ca05-454a-9e69-8447cc28fb4f,Valerie,Patterson,USER,2020-02-28,2020-06-20,False,
f1232a26-e8d6-4c62-a025-7f992d31a9d0,Samuel,Morris,USER,2020-10-18,2020-02-08,False,
fc43bfd1-0ecd-430c-9e66-c5e36ac05732,Linda,Flores,ADMIN,2020-05-06,2020-06-15,False,
0fc090cf-38a9-4598-b1d4-a4e801810a4b,Willie,Mclaughlin,DEVELOPER,2020-11-14,2020-03-23,False,
d5152b47-46db-4799-90b1-555f1c01d817,Stacey,Shields,DEVELOPER,2020-05-21,2020-01-19,False,
a8c71720-a6f7-4ca7-9051-f605aa7ad603,Whitney,Johnson,ADMIN,2020-10-25,2020-01-13,False,
7b0214ed-dc21-43d1-8a88-3f7247804c24,Shelby,Baker,DEVELOPER,2020-07-12,2020-06-10,False,
e1e1a513-f3f2-44c0-bb06-61db07a38463,Karl,Oliver,DEVELOPER,2020-11-11,2020-11-05,False,
ce4b1351-9420-4a05-a9a1-5181c9f07ccb,Kristi,Haas,USER,2020-12-13,2020-05-25,False,
d00f9417-e566-4111-ae1a-26749dbec367,Dawn,Conner,USER,2020-08-02,2020-04-29,False,
b5297f22-b1ea-4c35-a0a9-922a4771cb3b,Kelsey,Sweeney,ADMIN,2020-07-29,2020-08-21,False,
70323adf-2cd2-4420-bf02-f46ec662b6db,Amy,Martinez,DEVELOPER,2020-11-17,2020-08-14,False,
8c33e06c-6ea3-439d-a7b6-ba048103ace8,Charles,Ellis,DEVELOPER,2020-02-29,2020-08-30,False,
54420b76-4162-4538-bbaf-c1db51000df8,Destiny,Morrow,DEVELOPER,2020-11-19,2020-03-23,False,
e35cb02d-e501-42fc-9904-c447d894b027,Robin,Barber,DEVELOPER,2020-01-16,2020-05-28,False,
abc85d7c-05b8-4bd7-b1a5-a5c95d922e3a,Tracy,Melendez,ADMIN,2020-08-31,2020-11-24,False,
ac84a8d2-b359-4512-b16b-f869a3260a42,Jane,Reyes,USER,2020-07-10,2020-03-29,False,
6c13bf74-09ef-4aa2-b3fa-a8e717085272,Dustin,Garcia,USER,2020-08-04,2020-07-05,False,
ec72859d-d7fb-4241-b20c-369fe11ed1f9,Monica,Evans,USER,2020-03-11,2020-08-25,False,
7baff29a-aae2-4430-b327-8809c4af19d4,Andrea,Wheeler,DEVELOPER,2020-12-09,2020-04-16,False,
cf21bbaa-09f3-46e2-8136-1741689e1f38,Dakota,Buchanan,USER,2020-04-18,2020-07-03,False,
cfb368ba-964b-43fe-ab97-cf0276372dd2,Stephen,Calhoun,DEVELOPER,2020-11-30,2020-05-12,False,
2bba032c-069d-49ef-8e57-f2b8bd6333e3,Lucas,Curry,USER,2020-06-10,2020-03-14,False,
075ef589-c2e1-47db-bbfe-38ff0ec83db2,William,Lawrence,ADMIN,2020-09-01,2020-03-26,False,
16e41ed3-05d0-43a8-a2d5-1a575c132bde,Scott,Brown,USER,2020-03-10,2020-04-03,False,
af84472b-de76-4bf1-8220-b88dbe4f1282,Brian,Ward,DEVELOPER,2020-12-08,2020-02-05,False,
74833906-db4e-4435-8051-bb543b349ebb,Diana,Hart,USER,2020-05-27,2020-01-08,False,
39ff55de-619a-4344-a3c4-4516254fc221,Kevin,Hughes,DEVELOPER,2020-02-12,2020-04-13,False,
dd153d69-e210-4b34-8713-aa1a2d8c96bb,Jeremy,Haynes,ADMIN,2020-01-03,2020-04-22,False,
4bab2a83-501e-4f4c-b4a7-e765b0a6e403,Anne,Alexander,DEVELOPER,2020-05-03,2020-09-29,False,
70ac9d73-91bc-449d-9c35-1cb910407d55,Kelly,Mahoney,USER,2020-11-17,2020-01-19,False,
bd0ffc11-48f3-466f-8dfd-4d35a05d25a1,William,Parker,USER,2020-12-06,2020-06-23,False,
528e866a-731d-408d-b741-b8994fe25323,Brenda,James,ADMIN,2020-03-09,2020-11-14,False,
7af12529-34d4-462d-8521-36f299f5375b,Justin,Duarte,DEVELOPER,2020-01-12,2020-02-04,False,
39df2b65-2c70-4f14-a455-6bfb8b88e936,Valerie,Patton,USER,2020-04-10,2020-04-23,False,
38c9ba82-9a52-450a-b026-13bf328b8020,Nicole,Sutton,ADMIN,2020-03-27,2020-05-10,False,
e96c6de2-8bc4-4f81-b422-7f487c3d5dd0,Angela,Peck,DEVELOPER,2020-07-06,2020-02-15,False,
ff7316f3-ac27-4736-a1e1-9802522d0933,Michael,Lee,ADMIN,2020-05-10,2020-01-02,False,
9d6b5054-7ec7-4a9e-8488-0a1322b070df,Christopher,Mckinney,USER,2020-02-01,2020-05-08,False,
53f148a7-f1e4-4979-bce0-a959d4b02f6a,Keith,Murphy,ADMIN,2020-09-07,2020-04-19,False,
28446ca9-a374-4da1-94f0-94960e59a11f,Aaron,Lee,USER,2020-09-25,2020-02-29,False,
7d24ed8e-7bcf-4f37-ac00-e8729432dd0c,Shawn,Adams,USER,2020-04-03,2020-03-26,False,
a4a63ffb-b88e-4bfd-8f5e-2fac97494a7b,Ryan,Butler,ADMIN,2020-08-18,2020-02-08,False,
5b23207c-e0f3-4018-9c29-01534d1d7e51,William,Barnes,ADMIN,2020-05-21,2020-01-14,False,
8debd70a-8fed-4c4c-898e-8b5cabe54f7d,Matthew,Park,DEVELOPER,2020-04-19,2020-07-20,False,
fba026c8-01d4-4f63-8168-7f29d735b1e7,James,Kline,ADMIN,2020-05-07,2020-05-15,False,
1363f97d-b333-4b10-af85-095fac42c999,Sylvia,Murphy,DEVELOPER,2020-07-18,2020-12-22,False,
3bbbecbc-086b-4fc3-9fa2-9a34fa3b03b4,Justin,Randall,DEVELOPER,2020-03-02,2020-04-21,False,
c7df9ae7-9607-4e4f-a191-d8903be62754,Miguel,Sullivan,DEVELOPER,2020-04-25,2020-03-24,False,
a1a32844-700a-4164-a009-1f941ec2b30b,Stephanie,Hogan,ADMIN,2020-05-27,2020-10-07,False,
e2573331-74d8-4bfd-9a6b-2faf87c4929a,Bonnie,Greer,USER,2020-12-11,2020-08-21,False,
b1af1874-7bf9-4e36-8150-7759b2004398,Christine,Lowery,ADMIN,2020-07-05,2020-01-08,False,
17e708cc-a95a-474c-9a9a-6fb92f730ae4,Chris,Graham,USER,2020-01-22,2020-10-04,False,
e6c6c976-a0a6-48a4-a204-0ead98b5e9fc,Diana,Williams,DEVELOPER,2020-05-05,2020-12-12,False,
0f174265-4b3c-4594-b314-01cbe4c25de0,Amy,Marquez,DEVELOPER,2020-11-19,2020-10-27,False,
26e8ec78-2cf2-4a11-9756-7ab70ac09995,Jennifer,Bruce,DEVELOPER,2020-01-20,2020-08-18,False,
8c1a6b0f-d8a5-4c44-a43a-73c3c69e06f8,Jordan,Morales,USER,2020-01-19,2020-04-18,False,
f4a7ea25-7039-430c-944d-178e0f5c81a3,Tara,Robles,DEVELOPER,2020-03-20,2020-12-02,False,
3fb86042-e9d9-4196-b205-777da6e4007b,Brittney,Sanchez,DEVELOPER,2020-03-01,2020-02-10,False,
216925fc-526c-43c2-9b60-8db633ed6859,Anthony,Gallagher,DEVELOPER,2020-01-29,2020-06-20,False,
b8bae2aa-744d-4207-a325-137540c8552f,Michael,Hernandez,ADMIN,2020-08-20,2020-08-03,False,
81992940-dbc2-4793-aa21-5fa01414f15c,Tracey,Parker,DEVELOPER,2020-07-07,2020-08-18,False,
9f73a813-e1a0-4b75-bbdf-c2956d96a4fa,Aimee,Smith,USER,2020-03-08,2020-08-19,False,
72bd3e65-77f1-4951-979c-8e43656259ac,Tracy,Peterson,USER,2020-02-23,2020-04-04,False,
113bbddf-8c13-4285-bc64-ea3b62a42e0e,Angela,Ferguson,ADMIN,2020-05-21,2020-02-29,False,
2d12807f-f6ac-4f47-b2ad-c02589965e43,Joshua,Simmons,ADMIN,2020-11-17,2020-04-17,False,
dffdd971-5d87-4757-908e-d658afe99336,Elizabeth,Vargas,USER,2020-07-08,2020-01-19,False,
a0c2fdc0-bac6-4df1-a46c-b044e14fd691,George,Huang,USER,2020-04-02,2020-12-22,False,
e7e4ac36-852e-45ab-9ecb-4c129688696f,Regina,Fernandez,ADMIN,2020-09-03,2020-01-30,False,
e0e18f82-3e58-4489-91df-89568fbc344e,Joshua,Lee,DEVELOPER,2020-09-19,2020-06-18,False,
89538450-e27d-4685-b93e-b1a58d6299d5,John,Todd,DEVELOPER,2020-11-17,2020-07-22,False,
d2523b65-658d-4fc1-95ce-d02fbad57afd,Laura,Pham,USER,2020-05-13,2020-06-15,False,
c7d203e6-d572-4703-b496-33b92c2ae2eb,Dawn,Chambers,USER,2020-10-04,2020-04-26,False,
a0a8caea-565f-43d2-9588-ff8bfdf1e1c1,Lisa,Vazquez,USER,2020-06-29,2020-10-30,False,
db64eaf7-d2ca-48da-8323-3fd3a97055f0,Stanley,Thomas,ADMIN,2020-07-01,2020-11-18,False,
4692e27a-5bf8-4e59-8e68-7f89b297dc5d,Stanley,Christensen,ADMIN,2020-05-26,2020-09-15,False,
64f9ee8c-3829-4b7c-bd5b-a5f548f3725c,Jose,Mason,ADMIN,2020-10-26,2020-04-12,False,
de95f0f6-26df-48df-bb94-e518ed42a80d,Amy,Rich,USER,2020-03-20,2020-11-08,False,
ad7e34e2-60ca-48e8-bad9-c8b4a11a72c8,Maria,Ray,USER,2020-02-27,2020-12-06,False,
6662758d-fecd-4814-910d-43ff7ed28815,Douglas,Guerra,ADMIN,2020-01-11,2020-02-15,False,
f5874ef9-6044-40ae-b3a6-8fb87574c7fc,Amber,Ross,ADMIN,2020-12-07,2020-09-11,False,
388bcbec-825f-44f3-88bb-0ecf2a3fa819,Robert,Howard,USER,2020-10-06,2020-02-13,False,
0ddf5918-2459-4169-82f6-b68c20ebb91e,Ashley,Hinton,DEVELOPER,2020-03-07,2020-05-14,False,
fd5df9c3-023c-4ddb-be33-9fb4a4b37ced,Charles,Andrews,ADMIN,2020-08-13,2020-12-17,False,
f582867e-f0ec-4569-a827-ce70690e8b36,Michael,Wheeler,USER,2020-07-09,2020-03-07,False,
aac59df6-1a85-4902-9aab-2456716eb1d5,Toni,Garcia,DEVELOPER,2020-08-18,2020-02-14,False,
157c68a0-0de7-495a-b191-d342f4c8579c,Chelsea,Mcclain,USER,2020-02-05,2020-12-03,False,
54a85826-927e-49b7-ab2b-59cb914997ac,Sharon,Griffin,DEVELOPER,2020-03-03,2020-08-08,False,
4d510b23-e94c-405e-b871-1e111cbfb6e9,Megan,Miller,DEVELOPER,2020-12-16,2020-04-04,False,
4afa5e51-1f79-4083-977e-fce220ff6dc5,Scott,Alvarez,DEVELOPER,2020-01-01,2020-11-12,False,
7cc91f75-8c6f-4361-a2e9-ea6c9ccf41e5,Jessica,Day,USER,2020-02-14,2020-11-29,False,
39a455c6-0356-4670-9d0a-f7c2da04174b,Mikayla,Scott,ADMIN,2020-08-30,2020-04-03,False,
8efac53e-97b1-4230-b479-b2f22fb65139,Nicole,Greene,DEVELOPER,2020-12-10,2020-03-31,False,
b7ff10b9-1b85-4cf6-bbcd-c4ba476b6a88,Sarah,Tran,USER,2020-11-18,2020-06-02,False,
eaa4d012-3961-41e4-b452-c9c3ca7c4c0b,Steven,Stewart,ADMIN,2020-12-02,2020-06-29,False,
6ed53a2e-fb93-4116-8e08-938dff00b085,Theresa,Waller,DEVELOPER,2020-05-26,2020-10-18,False,
b5e2ddcd-043d-4bd0-9009-10d01a02db91,Mary,Ellis,ADMIN,2020-08-21,2020-09-11,False,
3b860f3a-17ef-4d4b-9b91-0841c2f7de94,Walter,Kane,ADMIN,2020-08-05,2020-07-23,False,
81affb28-01f3-4797-a750-8b856883382d,Larry,Fischer,USER,2020-01-09,2020-06-23,False,
e2078c5b-818a-414b-9fb8-09d4c4c3ce9c,Timothy,Walker,ADMIN,2020-08-22,2020-02-23,False,
c1226968-ff28-40fe-ac25-b36bac3e836a,Christopher,Garrett,DEVELOPER,2020-02-16,2020-09-06,False,
12b91b58-e536-445a-a3e1-fbe988d8fcdb,Robert,Williams,ADMIN,2020-05-26,2020-05-25,False,
9e84f9e8-44a3-4160-bf85-f33e6f24834a,Darlene,Poole,ADMIN,2020-12-18,2020-10-31,False,
fb24f2af-a9b6-4fba-9192-c5fc9ea100c2,Charles,Brooks,DEVELOPER,2020-09-08,2020-05-05,False,
c2385f03-b5e9-43d9-bf39-0ac839ed5a56,Brandy,Mills,USER,2020-12-20,2020-10-20,False,
5ce150f3-8694-4350-91cf-9b1a82b7bdec,Madison,Green,USER,2020-05-01,2020-03-01,False,
936b6999-ae7b-4057-b8b4-93b39175b733,Brianna,Hall,ADMIN,2020-02-16,2020-01-08,False,
aa328976-4303-4d1a-a5e1-4cc20e6e5cda,Benjamin,Petty,USER,2020-01-19,2020-04-28,False,
9274519d-614d-42f5-bbfb-58396d2e47a1,Marissa,Grant,DEVELOPER,2020-11-29,2020-09-29,False,
d612bf49-a603-41b9-9590-2843f4afb243,Brandon,Mccormick,ADMIN,2020-11-12,2020-04-02,False,
fe970611-c66d-4840-ab57-4e89c77e2727,Susan,Collins,DEVELOPER,2020-12-14,2020-10-07,False,
ab6e0219-fb82-41ae-bad2-b96adc46c113,James,Navarro,ADMIN,2020-08-13,2020-11-20,False,
0dbe78c9-7aa0-4b0a-a02f-43b837e0a5bd,Scott,Burns,USER,2020-01-15,2020-04-18,False,
ecedb922-09d9-49ed-986d-8c83dc60a9f6,Nicole,Murray,ADMIN,2020-12-18,2020-11-29,False,
55462aef-7661-4906-838f-b597af061dee,David,Thompson,DEVELOPER,2020-05-27,2020-08-03,False,
316beaa4-51e6-4cec-a31f-7830a2d02353,Daniel,Evans,USER,2020-08-18,2020-03-01,False,
6dd43726-0bff-408a-870b-3387d734366c,Sharon,Jefferson,USER,2020-02-13,2020-02-11,False,
7b7be948-0b87-4a6b-b822-dab17ea8ff57,Linda,Dickson,ADMIN,2020-03-29,2020-03-12,False,
d2e69e5b-56e2-4e0f-9da2-960ddca0de91,Michael,Jordan,USER,2020-07-02,2020-10-13,False,
6f1b3ce0-3a3c-48a4-aa83-081e6294623f,Nicole,Morales,DEVELOPER,2020-12-10,2020-04-02,False,
522805f6-5a99-4bed-9dff-5be2444289f2,John,Carr,ADMIN,2020-04-11,2020-04-03,False,
1393abd7-e16c-4b34-9f7e-98175a4aeadf,Katherine,Chan,DEVELOPER,2020-11-09,2020-11-11,False,
fcf8c80e-73fd-428a-9d6e-b81620de35a9,Krista,Hurley,DEVELOPER,2020-07-13,2020-05-07,False,
951b3931-33fe-4505-9959-26d18eb16da2,Michele,Young,DEVELOPER,2020-01-21,2020-08-26,False,
